3,900,1100,1230,200,1900,2030,200,2300,,,,,,,,,,,,,,,,,,,,,,,,,,,,,,,,,,,,,,,,,,,,,,,,,,,,,,,,,,,,,,,,,,,,,,,,,,,,,,,,,,,,,,,,,,,
,,,,,,,,,,,,,,,,,,,,,,,,,,,,,,,,,,,,,,,,,,,,,,,,,,,,,,,,,,,,,,,,,,,,,,,,,,,,,,,,,,,,,,,,,,,,,,,,,,,
1,1,1,1,1,1,1,1,1,1,1,1,1,1,1,1,1,1,1,1,1,1,1,1,1,1,1,1,1,1,1,1,1,1,1,1,1,1,0,0,0,0,0,0,0,0,0,0,0,0,0,0,0,0,0,0,0,1,1,1,1,1,1,1,1,1,1,1,1,1,1,1,1,1,1,1,1,1,1,1,1,0,0,0,0,0,0,0,0,0,0,0,0,0,0,0,0,0,0,0
,,,,,,,,,,,,,,,,,,,,,,,,,,,,,,,,,,,,,,,,,,,,,,,,,,,,,,,,,,,,,,,,,,,,,,,,,,,,,,,,,,,,,,,,,,,,,,,,,,,
0,0,0,0,0,1,1,1,1,1,1,1,1,1,1,0,0,0,0,0,0,0,0,0,0,0,0,0,0,0,0,0,0,0,0,0,0,0,1,1,1,1,1,1,1,1,1,1,1,1,1,1,1,1,1,1,1,0,0,0,0,0,0,0,0,0,0,0,0,0,0,0,0,0,0,0,0,0,0,0,0,1,1,1,1,1,1,1,1,1,1,1,1,1,1,1,1,1,1,1
,,,,,,,,,,,,,,,,,,,,,,,,,,,,,,,,,,,,,,,,,,,,,,,,,,,,,,,,,,,,,,,,,,,,,,,,,,,,,,,,,,,,,,,,,,,,,,,,,,,
0,39905.8,46878.2,43598.7,19812.1,26116.5,42770.3,29266.3,29085.5,34129.6,36791.3,455.009,43170.6,26198.9,30505.6,14594.8,48983.2,23674.1,32435.1,32625.7,19948.5,36511.2,34261.7,48523.1,43083.4,30999.8,34603.4,31553.7,28607.7,20962.9,20334.5,31258.3,44830,34530.2,30502,19535.8,31175.8,25624.6,28081,26201.1,35528.6,30948.5,31094.9,42213.8,15487.9,42347.5,29488.7,20969.9,32918.6,42597.8,30607.8,29227.5,31532.3,4467.47,30557.1,25671.7,20057.3,32601.4,28999.7,31556.9,29264.7,38660.7,23131.4,39839,41612.8,43083.7,34138.7,26289.9,37447.2,29247.9,28748.6,30512.5,25094.9,31289.2,31576.2,53277.6,29225.1,28106.4,22806.8,28770.9,28814.4,45595.5,31533.2,31401.6,29798.1,31182.1,26159.5,31173.1,43130,42885.2,28712.1,30947.2,31536,19612.9,42129.3,32068.1,32708.9,30590.9,35354.7,23006
39905.8,0,11637.3,11393.7,26359.5,28742.4,3293.86,40037.3,63304.4,67431.9,3986.65,40228.4,10599.4,30439.5,28545.4,52204.5,22746.9,16963.6,16803.9,28677.6,44486.3,27804.9,66451.7,16332.5,10399.7,27319.2,23566.5,46231.8,25334.6,23580.2,25400.2,28470.1,27267.8,22778,20596.7,43962.3,28490.8,25052,47995.1,40232.6,20789.1,28319.5,27395.9,11014.6,38848.9,10564.6,63702.5,57384.9,28826.7,39854.1,18371.4,24337.8,27818.9,43926.3,27506.1,42471,43743.5,28659.7,63273,27694.8,63475.2,66268,17339.1,66400.8,69515.6,3609.05,23485.6,39529.6,53335,63359.8,22477.5,60741.4,64815.6,28247.1,27719,22109,63459.7,48061.8,60454,22443.1,22476.3,13363.7,27913.3,27711.1,27181.5,28293.7,40218,28653.4,10493.3,10260.5,22557.8,28318.4,27809.9,44221.2,57443.8,34602.9,8080.08,28026.3,27560.3,28950.5
46878.2,11637.3,0,3819.18,29659.1,28991.7,12113.8,39186.3,66434.1,69996.2,11871.5,47261.7,3911.65,30512.4,27047.4,57325.8,12619.7,23277.1,16513.1,26306.9,46710.8,23803.4,68669.2,5078.12,3939.6,25686.4,20557.8,57440.1,24958.1,27298.9,28759.3,26667.6,19640.2,19878.4,20234.9,46255.1,26721.3,26077.2,48308.2,40338.5,17586.3,26651.2,25717.8,21614.5,42029.9,4789.46,66807.6,61702.1,26333.1,34678.2,18655,23831.3,25932.4,50401.9,26048.4,42893.4,45873.5,26299.4,66424.8,25804.2,66592.1,66972.9,23862.4,66766.3,70110.7,12130.9,20714.7,39567.9,64641.7,66446.8,33861.3,62679.2,70853.1,26441.6,25819.1,10563.5,66586.4,48376.3,65144.9,33828.4,33866,3420.35,26021.8,25885,26070.1,26530.4,40335.7,26878.3,3918.9,4113.67,33939.5,26650.7,25922.3,46515,55219.1,32517.8,18817.4,26521.5,24053.9,30391.2
43598.7,11393.7,3819.18,0,25979.4,25172.6,12868.6,35417.5,62648.3,66188.4,10326.1,43992.4,800.082,26695.3,23275.7,53713.8,11369.2,20174.5,12720.8,22596.1,42907.5,20270.3,64854.4,5589.09,998.89,21915.8,16855.1,55804.4,21140.6,23686.5,25093.1,22913.5,17007.7,16156.8,16417.8,42454.5,22965.1,22274.4,44502.7,36531.3,13862.7,22887.9,21950.1,22196.3,38281.5,1302.74,63020.5,57999.6,22634,31473.7,14866.7,20013.9,22179.8,47010.8,22269.6,39080.9,42068.1,22587.5,62640,22051.2,62805.7,63167.2,20787.7,62971.8,66309.7,12980.3,16990.8,35761.6,63089.1,62659.1,32568.4,58861.9,67333.4,22686.3,22066.8,11400.5,62800.4,44570.9,61471.5,32537.6,32580.2,2293.46,22270.2,22128,22274.7,22772.7,36528.1,23123.4,904.949,1162.83,32643.1,22887.4,22169.8,42714.1,51606.5,28817.5,17386,22747.6,20450.9,26589.1
19812.1,26359.5,29659.1,25979.4,0,7589.89,29642.4,16774.7,37188.5,41145.3,22459.8,20260.7,25752.5,8563.35,11539.7,27802.8,29495.9,10523.1,13553.3,13542.2,18134.5,17024.6,40106.6,30168.1,25719.5,11679.4,14794.5,43781,8942.99,2813.42,960.607,12216.7,25032.6,14720.9,10892.1,17606.6,12145.8,5877.99,22511,15556.4,15825.6,11885.9,11788.1,33291.2,12610.7,24876.7,37577.6,32047.8,13851.5,25413.8,11483.4,9453.83,12304.3,22228.8,11301,17213,17406.5,13515.2,37166.6,12298,37354.5,40160.6,10544.5,40447.6,43425.9,29961.8,14329.2,15033.2,50899.9,37226.2,28410.1,34383,41654.4,12184.6,12322,34302,37343.1,22573.5,35492.6,28407.2,28468.1,27630.9,12328.2,12154.5,10492.4,12097,15528.7,12189.7,25741.2,25547.8,28430.8,11884.4,12305.6,17864.9,34279.4,15287.6,22055.8,11469.4,15884.8,4996.36
26116.5,28742.4,28991.7,25172.6,7589.89,0,31990.7,11366.3,37899.9,41163.3,24767,26571.4,25180.4,1701.29,4397.12,31257.7,25649.3,15879.6,12705.9,6521.09,18043.1,10574,39744.7,28203.5,25206.8,5091.54,9971.16,51369.4,4076.76,8914.22,7777.92,5157.95,19470.8,10280.6,8798.16,17644.6,5073.61,3836.54,19525.2,11596.2,12209.7,4859.38,5165.89,37378.1,14610.9,24326.7,38253.8,34310.3,6808.86,17823.9,10699.5,5193.78,5513.76,27739.7,4608.72,14018.7,17175.2,6497.68,37903.8,5560.73,38048.1,38129.4,16159.6,38056.5,41316.7,32289.2,9578.41,10861.1,58488.5,37887.4,35128.2,33722,45455.3,5209.32,5575.49,31268.1,38048.3,19593.1,38057.1,35121.1,35182.1,26305.7,5499.07,5402.37,3971.76,5096.72,11586.1,5061.8,25200.6,25077.5,35157.7,4858.2,5518.94,17896.3,29053.3,7875.99,26374.8,4537.55,9428.75,3113.77
42770.3,3293.86,12113.8,12868.6,29642.4,31990.7,0,43262.1,66541.4,70692.9,7270.37,43080,12122.9,33685.4,31680.2,55295.1,24151.9,20124.5,19906.5,31733.4,47772.4,30660.4,69725.7,17126.3,11931.1,30433.8,26497.5,47304.7,28531.3,26858.4,28683.6,31578.2,29466.6,25710.8,23752.6,47247.3,31602,28318.7,51277,43500.8,23649.2,31438.3,30507.1,9506.15,42112.5,12308.1,66940.5,60545.3,31871.2,42629.5,21548,27518.6,30914.6,46858.5,30637.1,45751.2,47031.7,31716.4,66508.9,30789.2,66712.8,69561.2,20471.2,69690.8,72808.4,323.789,26443.9,42794.5,54267,66599.1,23513.9,64025.4,67759.5,31353.3,30812.7,22652.8,66696.7,51343.7,63574.5,23477.6,23503.6,14514.1,31009.2,30811.4,30338,31404,43486.6,31765.2,12019.3,11836.9,23596.2,31437.3,30905.4,47506.1,60610.3,37721.3,10328.2,31157,30477.8,32237.6
29266.3,40037.3,39186.3,35417.5,16774.7,11366.3,43262.1,0,30817.9,33061.3,36076.1,29683.6,35553,9668.64,12141.9,28728.3,33283.9,26740.8,23603.5,13054.3,12771.2,16584.7,31267.3,37539.2,35609.4,13501.8,18731.3,58533.4,14773.7,19111.6,17435.3,12530.1,25219.6,19356.8,19648.2,12715.8,12473.2,15180.3,9661.13,3356.12,21630.9,12535.8,13468.8,48718.9,13962.4,34741.4,31105.8,29644.1,13095.6,14980.5,21766.4,15836.4,13266.7,29141.7,13153.6,5465.11,12014.2,13056.3,30855,13393.7,30934.4,28037.2,26916.1,27672.1,31082.1,43555.4,18521.6,3026.8,65264.2,30741.7,45166.1,25214.5,42432.1,12753.9,13380.2,39475.9,30949.4,9725.55,33543.3,45164,45224.8,36188.6,13179.1,13307,13218.5,12661.7,3393.42,12318.5,35588.9,35506.4,45184.9,12536.3,13276.7,12864.4,17759.6,7262.58,37653,12670.6,15871.7,12138
29085.5,63304.4,66434.1,62648.3,37188.5,37899.9,66541.4,30817.9,0,5106.5,59503.6,29109.3,62534.9,36631.2,41063.1,14897.9,63199.7,46508.4,49927.6,42678.8,19857.3,46735.7,5976.12,66073.8,62528.6,42302,47668.5,58262.8,41957.8,39864.7,38141.5,41704.7,55750.8,48083.3,46340.6,20267.9,41624.8,40396.7,21668.3,28141.3,50100.5,41566.2,42322.8,68566.6,24578.6,61659.2,412.626,8565.25,42823.9,44872.1,47782,43053.1,42375.4,24942.6,41833.3,25525.8,20724.8,42670.8,129,42480.4,181.061,13999.1,46239.9,15884.6,15656.3,66864.6,47324.1,28876.9,62654.6,249.455,57403.5,7357.46,18296.1,41885.2,42479.1,69067.7,155.376,21617.4,9324.31,57421.8,57470.3,64008.3,42310.9,42346,41495.5,41767.8,28124,41508.2,62537.9,62373.8,57376.3,41565.9,42384.5,20013.1,29126,37855.1,57772.1,41495.3,45819.7,36087.9
34129.6,67431.9,69996.2,66188.4,41145.3,41163.3,70692.9,33061.3,5106.5,0,63577.8,34164.3,66120.1,39785.5,44009.4,20004.3,66038.6,50780.7,53492.3,45483.1,23296,49406.3,2375.41,69354.1,66125.1,45296.8,50709.4,63333.7,45240.1,43881.5,42104.9,44606.8,58255.5,51178.1,49790.2,23766.9,44530.8,43921.3,23512,30710.4,53275.9,44498.3,45306.6,73075.3,28583.6,65249.3,4726.74,13654.2,45601,46362.1,51360.2,46354.5,45303.7,30024.5,44844.5,28042.7,24125.5,45477.8,5208.11,45415.4,4934.68,11119.1,50547.1,13059.3,11880.8,71015,50392.4,31476.3,67645.7,4917.62,62312.3,7886.55,21981.2,44800.2,45411.3,72048.7,4981.48,23452.7,13960,62329.9,62379.2,67440.2,45232.9,45289.6,44578.5,44686.6,30699,44403.5,66129.1,65978.4,62287,44498.2,45313.1,23505.7,28465,40270.8,62169.2,44470.2,48558.3,39609.9
36791.3,3986.65,11871.5,10326.1,22459.8,24767,7270.37,36076.1,59503.6,63577.8,0,37134.1,9550.96,26465.4,24673.5,48683.5,21194.5,13416.9,13002.4,24893.3,40568.3,24266.2,62565.8,15814.5,9364.61,23470.9,19952.7,45638.2,21402.9,19699,21499.3,24627.2,24587.7,19166.3,16714.8,40048,24644.5,21067.6,44009.2,36247.2,17288.7,24465,23551.2,13968.7,34997.2,9190.31,59899.5,53734.8,25055.2,36373.7,14470.8,20422.9,23990.9,40688.1,23639.6,38484.7,39817.6,24874.5,59474.7,23868.5,59673.2,62296.8,13855.9,62420.8,65542.4,7580.29,19837.1,35545.3,52881.1,59554.3,22253.2,56828,61525.6,24406.6,23893.5,21676.8,59658.8,44075.9,56873.4,22222,22263.9,12569.6,24084.8,23878,23288.2,24448.7,36232.5,24806.2,9454.33,9176.41,22328.5,24463.9,23982.1,40307.6,53526.9,30741.7,7072.49,24159.4,23945.3,24967.2
455.009,40228.4,47261.7,43992.4,20260.7,26571.4,43080,29683.6,29109.3,34164.3,37134.1,0,43560.7,26652.5,30960.6,14545.7,49416.7,24044.3,32860.5,33080.7,20275.5,36965.7,34327.8,48929.2,43472.6,31454.6,35052.8,31296.5,29060.4,21398.5,20779.7,31713.3,45280.5,34977.8,30942.4,19868.8,31630.8,26075.7,28415.8,26609,35970.7,31403.5,31549.7,42442.1,15884.4,42739.3,29511.1,20944.6,33373.6,43042,31038.7,29678.4,31987.2,4350.67,31012,26057.4,20397.6,33056.4,29022,32011.8,29288.1,38819.1,23497.3,40014,41756.1,43392.8,34588,26703.6,37143.1,29274.6,28842.3,30644.6,24829.9,31744.2,32031,53696.5,29247.8,28440.5,22710.1,28865.1,28908,45994.9,31988.1,31856.5,30252.8,31637.1,26567.4,31628,43519.7,43274.1,28804.6,31402.2,31990.9,19941.9,42459,32514.6,32997.7,31045.9,35809.2,23461
43170.6,10599.4,3911.65,800.082,25752.5,25180.4,12122.9,35553,62534.9,66120.1,9550.96,43560.7,0,26725.8,23414.9,53441.3,12155.8,19676.2,12628,22803.9,42829.2,20603.5,64810.2,6310.78,199.654,22058,17079.5,55068.2,21171.7,23410.5,24855.5,23075.8,17630,16365,16398.1,42370.1,23125,22198.9,44570.8,36596.7,14075,23039,22096.3,21422.2,38119.3,877.871,62909.3,57792.9,22852.3,31929.2,14764.4,20046.4,22344.9,46626.4,22399.4,39129,41995,22794.5,62525,22215.8,62693.3,63231.6,20281.6,63060.6,66384.9,12241.8,17194.9,35830,62346.5,62548.8,31799.9,58831.6,67009.9,22847.6,22232.3,12148.3,62687.3,44638.9,61241.6,31769,31811.2,3028.13,22436.2,22287.7,22375.6,22931,36592.6,23284.7,106.114,375.046,31874.8,23038.4,22334.9,42630.2,51871.3,29028.8,16616.7,22884.2,20742.9,26510.5
26198.9,30439.5,30512.4,26695.3,8563.35,1701.29,33685.4,9668.64,36631.2,39785.5,26465.4,26652.5,26725.8,0,4792.34,30529.9,26703.9,17426.2,14323.2,6823.66,16800.9,11042.6,38321.1,29572.3,26757.5,5821.93,11059.2,52262.1,5555.22,10227.1,8902.26,5544.12,20122.5,11452.6,10388,16430.6,5456.5,5517.5,17900.9,9948.3,13495.6,5305.92,5867.69,39064.2,13842.6,25878,36978.6,33321.4,7074.25,17041.3,12347.7,6681.66,6072.01,27555.8,5332.19,12415.6,15925.3,6804.87,36639.1,6150.1,36776.2,36532.1,17679.7,36431,39708.5,33983.3,10701,9203.62,59326.4,36611.2,36526.4,32278.7,44737.7,5660.81,6157.38,32449.8,36778.1,17968.9,37107.8,36520.2,36581.3,27766.4,6032,5997.43,4887.24,5539.4,9939.9,5394.07,26748.8,26632.7,36553.8,5305.14,6079.36,16676.8,27371.9,6727.58,28041.2,5100.76,9937.73,3635.51
30505.6,28545.4,27047.4,23275.7,11539.7,4397.12,31680.2,12141.9,41063.1,44009.4,24673.5,30960.6,23414.9,4792.34,0,35322.2,22141.1,18059.9,11782.2,2124.01,21335.7,6264.41,42440.1,25581.9,23473.6,1361.31,6740.98,55082.7,3729.4,12215.5,11510.9,767.57,15331.5,7292.22,7959.03,21000.4,681.033,6216.64,21389.6,13496.3,9529.74,517.494,1337.61,38015.7,18634.9,22607.8,41399.6,38039.9,2413.17,14320.6,10213,4404.36,1318.02,32121.6,1047.08,16137.5,20456.1,2100.71,41077,1418.13,41202.8,40020.4,18464.1,39748,43121.3,31958.7,6470.26,12716.3,62275.9,41031.3,37685.1,36365.3,49529.9,868.905,1418.1,28045.9,41207.5,21457.3,41845.1,37674.4,37734.9,24082.1,1262.35,1283.36,1503.97,747.275,13499.4,668.767,23452,23373.3,37722.1,516.882,1326.67,21239,28949.6,6072.42,27421.5,534.663,5148.31,7500.16
14594.8,52204.5,57325.8,53713.8,27802.8,31257.7,55295.1,28728.3,14897.9,20004.3,48683.5,14545.7,53441.3,30529.9,35322.2,0,56688.9,35275.6,41347.2,37317.4,16030.9,41556.4,20520.9,57963.8,53394.7,36286.5,41128.3,43529,34905.7,30031.2,28654.1,36071.1,50650.9,41325.4,38374.8,16027.5,35983.6,32530.8,22832.6,25396.4,42944.8,35835.7,36345.9,55957.2,16687.4,52571.6,15281.7,6452.96,37547.8,43683.8,39253,35850.5,36594.7,10237.3,35794.6,23509.6,16734.2,37300.6,14797.5,36667.4,15070.4,26523.3,34871.1,28055.3,29070,55617.2,40705.4,25889.3,48253.9,15089.4,43315.3,18097.9,14207.9,36190.7,36676.3,61906.3,15024.5,22821.6,8413.57,43336.8,43381.5,55421.7,36558,36512.4,35220.7,36069.3,25361.8,35915,53422.7,53214.8,43280.7,35834.9,36601.7,15896.7,35398.5,34281,45742.8,35615.5,40464.2,28607.5
48983.2,22746.9,12619.7,11369.2,29495.9,25649.3,24151.9,33283.9,63199.7,66038.6,21194.5,49416.7,12155.8,26703.9,22141.1,56688.9,0,27480.3,16691.4,20559.1,43462.4,16703.5,64384.3,7787.45,12354.9,20929.6,15679.5,65555.8,21809.8,28024.1,28822.2,21495.1,8933.31,15398.3,18604.1,43112.9,21574.9,24202.8,42929.7,35341.2,13770.2,21635.6,20901.4,33551.9,40191.5,12211.1,63533.8,59959.6,20437.6,24769.8,18390,20840.6,20826.5,51705.6,21407.9,38011.6,42583.3,20565.1,63214.6,20723.1,63338.3,61182.6,28139.2,60643.3,64119.6,24237.6,16072.2,34570.5,72921.7,63165.5,43017.5,58303.5,70807.9,21314.7,20723.7,6366.22,63343.5,42995.1,63698.4,42989.6,43037.1,9663.85,20889.9,20859.6,21819.2,21432.3,35351,21692.1,12261.9,12488.1,43087.3,21635.8,20817.5,43355.2,46997.9,26037.3,28023.3,21720.7,17491.2,28098.9
23674.1,16963.6,23277.1,20174.5,10523.1,15879.6,20124.5,26740.8,46508.4,50780.7,13416.9,24044.3,19676.2,17426.2,18059.9,35275.6,27480.3,0,11346.5,19373.4,28297.7,21136.2,49934.7,25404.7,19571.9,17404.1,17186.5,39078.3,14352.4,7801.61,9652.74,18429.9,26306.7,16644.7,12034.8,27749.5,18398.4,12219.2,33033.6,25925,16256.8,18137.4,17519.4,22813.8,22315.2,18890.1,46910.8,40425.1,19651.5,32211.3,10556.5,13947.6,18098.6,27398,17283.7,27707.3,27632.4,19346.2,46471.6,18020.3,46681.7,50534.8,658.829,50887.3,53803.2,20448.2,16799.4,25347.6,46453.3,46574.6,19654,44402.5,48163.7,18278.6,18049.9,30646.4,46663.7,33096.1,43496.7,19641.9,19702,22295.7,18169.8,17940.2,16580.2,18252.1,25900.1,18520.7,19626.1,19368.5,19693.7,18135.8,18094,28000.6,44463.2,23526.5,11601,17705.7,20251.5,14612.3
32435.1,16803.9,16513.1,12720.8,13553.3,12705.9,19906.5,23603.5,49927.6,53492.3,13002.4,32860.5,12628,14323.2,11782.2,41347.2,16691.4,11346.5,0,11891.2,30201.4,11642.5,52192.2,16616.8,12633.2,10527.3,7245.2,50371.5,8855.61,11612.1,12735.8,11672.8,15037.2,6496.4,3961.24,29743.2,11695.8,9571.92,32222.6,24269.7,5249.73,11532.1,10600.9,26697.5,25603.2,11757,50299.7,45396.8,12053.3,23718.9,2148.31,7770.35,11015.7,35396.9,10736.9,26723.8,29367,11872.5,49919.3,10891.3,50084.9,50834.9,11988.3,50753.7,54022.1,20182.3,7037.12,23520.1,57754.3,49938.4,29666.8,46226.7,55195.7,11448.4,10915.4,20900.1,50079.6,32290.6,48931.2,29647.1,29703.4,14175.1,11110.1,10909.3,10477.1,11498,24261.9,11859,12636.8,12488.3,29721.6,11531.1,11006.7,30003.3,40730.1,17814.9,16850.1,11256.2,11145.2,13882.5
32625.7,28677.6,26306.9,22596.1,13542.2,6521.09,31733.4,13054.3,42678.8,45483.1,24893.3,33080.7,22803.9,6823.66,2124.01,37317.4,20559.1,19373.4,11891.2,0,23066.6,4241.93,43851.6,24485.6,22879.2,2010.08,5749.43,56903.9,5133.76,14020.1,13453.2,1367.62,13384.7,6440.4,8376.93,22756.8,1449.85,7996.51,22555.5,14810.7,8733.77,1683.62,1891.9,38486,20637.9,22031.1,43007.3,39897.2,310.346,12838,10627.5,5428.31,1311.16,34240.7,2277.37,17479,22187.9,28.121,42696.9,1367.63,42814.7,41083.9,19821.4,40723,44136.4,32000.3,5609,14035.3,64126.2,42638.9,39026.7,37770.3,51522.2,1361.05,1338.5,26599.2,42821.2,22622.4,43722.4,39014.4,39074.5,23217.3,1259.78,1473.06,3089.66,1457.07,14818.7,1462.9,22849.6,22795.4,39066.8,1684.97,1313.46,22989.1,29152.6,6224.92,28146.5,2077.01,3189.02,9621.94
19948.5,44486.3,46710.8,42907.5,18134.5,18043.1,47772.4,12771.2,19857.3,23296,40568.3,20275.5,42829.2,16800.9,21335.7,16030.9,43462.4,28297.7,30201.4,23066.6,0,27228.7,22079.2,46222.7,42832.6,22533.1,27857.1,51288.5,22101,20933.3,19091.6,22008.9,36357.5,28250.3,26534.6,563.411,21926.3,20633.7,8158.37,9499.55,30247.3,21846.6,22561.1,51053.3,6343.55,41957.5,20212.8,17088,23238.8,27751.4,28066.6,23198.1,22653.5,18371.9,22056.3,7478.77,879.678,23056,19860.8,22752.6,20006.1,22348,28169.3,22884.3,25609.8,48091.2,27501.9,10076.6,57374.3,19846.8,43015.6,16260.7,29667.6,22177.3,22753.5,49250.7,20005.9,8179.65,20979.9,43024.3,43081.1,44203.5,22594.4,22612.5,21681.1,22057.7,9468.36,21819.9,42837.3,42684.8,43010.9,21846.2,22662.2,360.577,22184,18919.8,39887.8,21744,26246.4,16319.7
36511.2,27804.9,23803.4,20270.3,17024.6,10574,30660.4,16584.7,46735.7,49406.3,24266.2,36965.7,20603.5,11042.6,6264.41,41556.4,16703.5,21136.2,11642.5,4241.93,27228.7,0,47713.4,21371.9,20708.6,5526.54,4397.55,59600.5,8103.24,17002.4,16777.2,5502.8,9154.91,5158.48,9178.35,26933.7,5590.46,11188.5,26226.2,18697.2,7017.47,5761.96,5438.01,38171.9,24874,19913.2,47057.1,44114.2,4026.48,12122.5,11107.5,7828.63,5060.95,38298.2,5988.32,21363.7,26351.7,4257.89,46757.4,5014.01,46868.2,44548.4,21666.6,44074.8,47530.1,30901.1,4630.69,17934.8,66894.5,46688.9,40582.5,41635.5,55762,5404.87,4998.78,22899.9,46876.4,26291.7,47946.7,40566.6,40625.3,20535.4,5079.4,5172.3,6720.26,5524.01,18709.3,5648.56,20664.6,20657.9,40629.5,5762.91,5055.59,27162.3,31447.4,9358.27,28483.3,6042.09,1156.8,13605.7
34261.7,66451.7,68669.2,64854.4,40106.6,39744.7,69725.7,31267.3,5976.12,2375.41,62565.8,34327.8,64810.2,38321.1,42440.1,20520.9,64384.3,49934.7,52192.2,43851.6,22079.2,47713.4,0,67887.1,64821.2,43744.5,49163.7,64027.9,43817.7,42872.7,41067.2,43017.3,56486,49655.1,48438.3,22575.8,42943.1,42623.9,21650.7,29045.4,51784.6,42921.6,43749.5,72393.8,27641.5,63943.1,5692.82,14385.3,43958.3,44309.8,50071.8,44938.1,43723.2,30297.6,43300.5,26375.2,22879.7,43847.3,6100.58,43837.5,5840.98,8840.19,49728.6,10785,9906.61,70046.6,48859.4,29818.4,68541.2,5737.73,62114.9,6081.44,23811.4,43215.6,43832.2,70445.8,5897.56,21589.3,15268.1,62131.2,62181.9,66049.2,43650,43715.6,43066.6,43103.8,29036.3,42811.8,64822.4,64679.1,62092.6,42921.6,43732.8,22314.4,26109.5,38508.5,61402.6,42911.6,46893.3,38325.9
48523.1,16332.5,5078.12,5589.09,30168.1,28203.5,17126.3,37539.2,66073.8,69354.1,15814.5,48929.2,6310.78,29572.3,25581.9,57963.8,7787.45,25404.7,16616.8,24485.6,46222.7,21371.9,67887.1,0,6484.7,24240,18853.7,61378.6,24130.7,28110.7,29338.9,25085.3,15697.9,18293.6,19819.7,45805.9,25150.9,25799.8,46963,39074.6,16111.3,25130.8,24248.7,26632.1,42063.2,6860.42,66432.9,61922.7,24454,31306.3,18717,23026.6,24354.8,51760.2,24659.6,41704.3,45360.9,24483.3,66074.3,24232.5,66224.6,65556.4,26036,65208.4,68620.5,17160.4,19111.7,38294.9,68653.9,66067.4,38064.3,61834.1,71789.4,24870.9,24242.2,5866.22,66223.3,47030.5,65500.8,38032.9,38074.2,3295.67,24436.6,24338,24837.4,24973.7,39076.9,25296.5,6399.72,6683.79,38140,25130.7,24344.9,46061,52712.4,30541.2,22886.9,25083,21840.6,30058.2
43083.4,10399.7,3939.6,998.89,25719.5,25206.8,11931.1,35609.4,62528.6,66125.1,9364.61,43472.6,199.654,26757.5,23473.6,53394.7,12354.9,19571.9,12633.2,22879.2,42832.6,20708.6,64821.2,6484.7,0,22117.7,17160.1,54893.9,21204.6,23365.2,24819.8,23140.2,17799.2,16441.9,16419.7,42371.9,23188.8,22205.1,44610.3,36636,14153.7,23100.7,22157,21225,38101.7,880.179,62903.5,57763,22930.1,32061,14766.1,20079.9,22410.1,46550.8,22456,39163.9,41999.6,22869.6,62518.3,22280.9,62687.3,63269.5,20175.1,63104.6,66425.4,12051.5,17270.6,35870.1,62170.1,62543.4,31615.2,58846.2,66949.6,22911.8,22297.6,12327.9,62681.2,44678.4,61205.7,31584.2,31626.4,3208.74,22501.6,22351.5,22425.3,22994.5,36631.7,23348.8,93.9516,208.318,31690.2,23100.1,22400.1,42632.1,51958,29104.1,16432,22942.5,20838.5,26515.2
30999.8,27319.2,25686.4,21915.8,11679.4,5091.54,30433.8,13501.8,42302,45296.8,23470.9,31454.6,22058,5821.93,1361.31,36286.5,20929.6,17404.1,10527.3,2010.08,22533.1,5526.54,43744.5,24240,22117.7,0,5419.71,54913.7,3123.88,12038.1,11538.3,1161.6,14389.9,5946.59,6782.33,22184.2,1173.96,6024.47,22740.7,14834.6,8173.06,1009.16,118.189,36907.9,19608,21252.8,42641.7,39142.4,2310.55,14817.8,9048.48,3492.57,701.454,32777.2,492.254,17468.5,21654.1,1982.05,42314.2,647.837,42443.3,41376.6,17842.3,41108.2,44480,30709.4,5130.91,14054.9,62143.9,42273.6,37057.6,37672.8,50491.9,951.418,675.891,26778.1,42447.1,22808.4,42929.6,37045.7,37105.9,22722.3,766.555,540.004,1204.69,979.664,14837,1335.35,22095.6,22018.4,37096.9,1008.27,698.244,22426,30230,7287.53,26418.7,843.873,4371.27,8082.83
34603.4,23566.5,20557.8,16855.1,14794.5,9971.16,26497.5,18731.3,47668.5,50709.4,19952.7,35052.8,17079.5,11059.2,6740.98,41128.3,15679.5,17186.5,7245.2,5749.43,27857.1,4397.55,49163.7,18853.7,17160.1,5419.71,0,56031,6250.99,14135.6,14335.2,6232.3,10248.5,788.514,5166.43,27489.7,6297.35,9015.12,28109.4,20236,3009.31,6280.14,5417.79,33818.6,24547,16320,48012.1,44281,5779.14,16498.3,6841.83,5428.32,5501.14,36833.7,5865.31,22878.5,26980.4,5742.2,47678.5,5378.93,47811.7,46713,17753.9,46398,49792.9,26748.7,466.514,19455.9,63368.1,47644.2,36418.9,43092.4,55297.8,6017.22,5388.55,21399.5,47814.6,28176.9,48026.7,36401.8,36459.8,17477.3,5583.18,5485.93,6176.24,6120.15,20239.4,6443.71,17127.9,17082.2,36468.4,6279.99,5491.21,27735.6,34809.7,11963.7,24089.7,6255.8,3995.74,12531.7
31553.7,46231.8,57440.1,55804.4,43781,51369.4,47304.7,58533.4,58262.8,63333.7,45638.2,31296.5,55068.2,52262.1,55082.7,43529,65555.8,39078.3,50371.5,56903.9,51288.5,59600.5,64027.9,61378.6,54893.9,54913.7,56031,0,51832.7,42886.3,43641.1,55678.2,65381.2,55565.8,50880.3,50832.4,55619.1,48911.8,59293.1,55966.5,55331,55348.4,55030.8,40440.6,46021.4,54569.7,58623.5,49699.2,57211.5,69191.2,49613,51849.5,55599.6,34457.4,54630.2,56095.5,51284.9,56875.8,58152.7,55561.1,58426.8,69643.5,38458.9,70978.2,72405.5,47490.1,55610.6,55836,7387.8,58472.6,23802.6,61276.8,46325,55599.3,55588.7,67202.3,58376.6,59325.5,49863.5,23838.4,23810.1,58092.2,55645.1,55439.2,53823.9,55531.8,55926.3,55692.7,54978.9,54694.9,23720.8,55346.9,55598.4,50939.7,73322.3,58968.2,38623.4,54908.7,58581,48627.5
28607.7,25334.6,24958.1,21140.6,8942.99,4076.76,28531.3,14773.7,41957.8,45240.1,21402.9,29060.4,21171.7,5555.22,3729.4,34905.7,21809.8,14352.4,8855.61,5133.76,22101,8103.24,43817.7,24130.7,21204.6,3123.88,6250.99,51832.7,0,8996.72,8673.96,4082.01,16282.9,6420.61,4894.75,21693.9,4047.8,3085.31,23425.6,15455.5,8197.18,3785.32,3242.02,34506.7,18386.2,20325.3,42313.8,38204.8,5432.48,17915.1,6996.51,1126.82,3824.6,30668.9,2940.45,17960.9,21236,5105.75,41960.5,3767.56,42107.1,42073.3,14771.2,41945.7,45241,28820.1,5814.23,14697.4,59077.5,41947.7,33994.7,37790.2,49062.2,3941.25,3796.4,27293.4,42106.7,23493.7,41913.5,33983.4,34043.7,22237.2,3884,3662.69,2232.64,3907,15449.5,4168.36,21195.2,21081,34032.8,3783.78,3821.73,21947.2,32127,9596.73,23788.9,3353.63,6978.56,6298.17
20962.9,23580.2,27298.9,23686.5,2813.42,8914.22,26858.4,19111.6,39864.7,43881.5,19699,21398.5,23410.5,10227.1,12215.5,30031.2,28024.1,7801.61,11612.1,14020.1,20933.3,17002.4,42872.7,28110.7,23365.2,12038.1,14135.6,42886.3,8996.72,0,1880.88,12794.5,24333.4,13915.7,9595.39,20402.4,12736.7,6025.47,25256.8,18139.5,14645.9,12465.6,12154.6,30509,15309.8,22540.4,40256.8,34512.6,14328.4,26467.9,9681.2,9178.2,12719,23790.6,11744.8,19908,20211.9,13992.1,39839.9,12684.2,40032.3,42972.7,7881.63,43252.9,46237.8,27178.6,13672.6,17577.1,50106.8,39907.9,26311.7,37172.9,43699.7,12713.2,12711.5,32508.9,40019.6,25319.9,37880,26306.2,26367.3,25439.7,12762.5,12559.3,10937.7,12646.5,18113.9,12814.1,23392.5,23186.4,26337.8,12464,12718.1,20660,36759.6,16790.2,19272.6,12024.7,15913,7004.27
20334.5,25400.2,28759.3,25093.1,960.607,7777.92,28683.6,17435.3,38141.5,42104.9,21499.3,20779.7,24855.5,8902.26,11510.9,28654.1,28822.2,9652.74,12735.8,13453.2,19091.6,16777.2,41067.2,29338.9,24819.8,11538.3,14335.2,43641.1,8673.96,1880.88,0,12156.5,24583.7,14216.8,10228.6,18564.5,12089.9,5588.99,23387.5,16337.5,15215.2,11824.4,11650.4,32387.2,13565,23980.6,38531,32959.1,13763.5,25561.7,10692.9,9081.71,12186.6,22883.4,11187.4,18057,18361.1,13425.7,38119.1,12170.2,38307.7,41096.9,9702.46,41372.7,44361.4,29002.9,13868.8,15793.4,50798.5,38180,27817.5,35341.8,42459.9,12106.6,12195.5,33542.6,38296.1,23450.4,36386.1,27813.5,27874.6,26768.4,12217.5,12032.4,10373.5,12026,16310.8,12146.1,24842.7,24646.6,27840.3,11822.9,12187.1,18823,35014.8,15589.6,21150.7,11396.6,15650.5,5455.79
31258.3,28470.1,26667.6,22913.5,12216.7,5157.95,31578.2,12530.1,41704.7,44606.8,24627.2,31713.3,23075.8,5544.12,767.57,36071.1,21495.1,18429.9,11672.8,1367.62,22008.9,5502.8,43017.3,25085.3,23140.2,1161.6,6232.3,55678.2,4082.01,12794.5,12156.5,0,14588.2,6830.94,7943.67,21681.3,87.6778,6773.07,21878.6,14027.3,9100.84,332.043,1076.24,38068.9,19384.6,22279.6,42038.7,38752.9,1665.03,13844.4,10209.9,4593.08,736.605,32887.5,1147.37,16681.1,21129.2,1343.2,41719.9,863.807,41843.2,40482.5,18852.7,40180.2,43567.8,31852.7,5998.01,13247.6,62884.8,41670.4,38075.8,36939.4,50278.5,229.778,850.125,27442,41848.4,21946,42563.8,38064.4,38124.7,23659.2,650.319,790.647,1886.8,185.613,14032.1,211.871,23115.8,23045.3,38114,333.567,746.651,21918,29108.9,6146.91,27565.8,769.827,4393.77,8255.36
44830,27267.8,19640.2,17007.7,25032.6,19470.8,29466.6,25219.6,55750.8,58255.5,24587.7,45280.5,17630,20122.5,15331.5,50650.9,8933.31,26306.7,15037.2,13384.7,36357.5,9154.91,56486,15697.9,17799.2,14389.9,10248.5,65381.2,16282.9,24333.4,24583.7,14588.2,0,10417.7,14932.1,36072.1,14675.4,19208.5,34864.3,27624.2,10100.6,14816.8,14323.9,38261.6,33963.7,17258.3,56063.8,53268.6,13179.4,15853.8,15829.2,15604.3,14056.7,46948.2,14879.2,30268.2,35482.3,13399.1,55776.3,13985.6,55879.3,52781.9,26932.4,52147.4,55643,29631.9,10715,26879.4,72758.8,55696.2,44426.5,50427.6,64858.7,14462.6,13976.2,15269.5,55889.3,34927.5,57101.5,44404.3,44458.5,16241.3,14092.9,14141.2,15503.7,14584.2,27639.7,14750.8,17723.1,17842.9,44486,14817.5,14049.7,36298.4,38116.1,17984.9,30457.8,15037.3,10205.3,22358.5
34530.2,22778,19878.4,16156.8,14720.9,10280.6,25710.8,19356.8,48083.3,51178.1,19166.3,34977.8,16365,11452.6,7292.22,41325.4,15398.3,16644.7,6496.4,6440.4,28250.3,5158.48,49655.1,18293.6,16441.9,5946.59,788.514,55565.8,6420.61,13915.7,14216.8,6830.94,10417.7,0,4689.93,27872.5,6891.16,9028.11,28681.5,20781.1,2294.13,6852.11,5956.76,33037.7,24793.4,15596.9,48430,44576.2,6488.38,17271.4,6208.05,5503.44,6094.85,36845.4,6368.73,23412.5,27375.7,6431.48,48091.5,5969.27,48228,47305.2,17223,47011,50396.5,25962.4,836.879,20001.4,62911.8,48062.5,35786.8,43588.9,55476.5,6610.04,5981.41,21004.3,48230.1,28749.2,48304.1,35769.3,35827.1,16832.8,6180.78,6065.02,6601.45,6707.26,20783.3,7042.8,16411.5,16360.4,35837.3,6851.84,6084.82,28120.6,35545.8,12664.6,23346.3,6789.79,4783.99,12718.4
30502,20596.7,20234.9,16417.8,10892.1,8798.16,23752.6,19648.2,46340.6,49790.2,16714.8,30942.4,16398.1,10388,7959.03,38374.8,18604.1,12034.8,3961.24,8376.93,26534.6,9178.35,48438.3,19819.7,16419.7,6782.33,5166.43,50880.3,4894.75,9595.39,10228.6,7943.67,14932.1,4689.93,0,26094.9,7954.97,5980.26,28287.8,20326.6,5050.95,7764.05,6869.21,30138.4,22252.1,15539.6,46706.4,42125.1,8585.08,20829.4,2266.8,3811.88,7344.49,33107.4,6927.99,22801.1,25686.6,8354.66,46336.9,7227.9,46494.7,46917.4,12594.5,46815.9,50096.4,24035.4,4767.49,19573.5,58223.9,46342.8,31404.1,42444.3,52385.2,7728.59,7254.58,23535.2,46491.5,28355.9,45738.1,31388.3,31447,17670.8,7436.38,7219.59,6586.26,7761.94,20319.4,8114.59,16415.6,16287.2,31451.2,7762.9,7336.35,26353,36857.7,14029.5,19790.8,7447.13,8395.39,10259.6
19535.8,43962.3,46255.1,42454.5,17606.6,17644.6,47247.3,12715.8,20267.9,23766.9,40048,19868.8,42370.1,16430.6,21000.4,16027.5,43112.9,27749.5,29743.2,22756.8,563.411,26933.7,22575.8,45805.9,42371.9,22184.2,27489.7,50832.4,21693.9,20402.4,18564.5,21681.3,36072.1,27872.5,26094.9,0,21598,20180.3,8547.25,9410.27,29853.3,21512.9,22214.5,50499.9,5781.59,41497.5,20627.4,17296.3,22934.2,27692.1,27605.9,22786.4,22318.4,18053.7,21705,7510.62,708.276,22745.6,20269,22415.8,20418.7,22908.8,27618.3,23447.7,26170.1,47566.4,27129.9,9956.51,56945.1,20262.2,42458.2,16780.1,29762.2,21846.3,22417.3,48876.2,20417.4,8571.65,21179.4,42466.8,42523.6,43765.5,22260.9,22274.3,21315.4,21726.3,9377.51,21494.3,42377.3,42223,42453.6,21512.5,22327,261.521,22594.2,18723.5,39337.7,21401.3,25940.7,15865.4
31175.8,28490.8,26721.3,22965.1,12145.8,5073.61,31602,12473.2,41624.8,44530.8,24644.5,31630.8,23125,5456.5,681.033,35983.6,21574.9,18398.4,11695.8,1449.85,21926.3,5590.46,42943.1,25150.9,23188.8,1173.96,6297.35,55619.1,4047.8,12736.7,12089.9,87.6778,14675.4,6891.16,7954.97,21598,0,6717,21812.4,13956.8,9158.26,271.842,1095.11,38075.4,19297,22327.6,41959.1,38667.4,1745.3,13886.3,10220.7,4578.34,796.968,32801.9,1122.43,16609.6,21046.6,1425.74,41639.9,921.894,41763.4,40419.3,18819,40119.9,43506.2,31876.9,6059.07,13177,62823.9,41590.7,38042.5,36865.5,50191,281.121,910.167,27518,41768.6,21879.9,42478,38031.1,38091.5,23717.3,714.35,837.43,1841.91,198.941,13961.4,163.946,23164.8,23093.4,38080.6,273.417,806.961,21834.9,29077,6120.59,27561.4,715.888,4481.35,8172.27
25624.6,25052,26077.2,22274.4,5877.99,3836.54,28318.7,15180.3,40396.7,43921.3,21067.6,26075.7,22198.9,5517.5,6216.64,32530.8,24202.8,12219.2,9571.92,7996.51,20633.7,11188.5,42623.9,25799.8,22205.1,6024.47,9015.12,48911.8,3085.31,6025.47,5588.99,6773.07,19208.5,9028.11,5980.26,20180.3,6717,0,23004.6,15182.2,10433.5,6445.43,6140.01,33546.7,16281.7,21328.6,40765.4,36160,8305.28,20523.7,7448.06,3604.19,6698.99,27824.5,5720.11,17473.2,19796.8,7968.5,40391.1,6668.2,40552.3,41485.6,12549.9,41499.6,44701.8,28621.6,8555.12,14477.7,56129.8,40402.8,31688.4,36669.4,46613.2,6688.27,6695.01,29401.1,40548.1,23071.9,39791.8,31679.4,31740.2,23616.2,6740.4,6540.05,4912.21,6622.87,15168.1,6799.21,22208.4,22060,31721.8,6443.86,6698.31,20439.8,32887.5,11310.2,22539.5,6003.28,10061.8,4314.81
28081,47995.1,48308.2,44502.7,22511,19525.2,51277,9661.13,21668.3,23512,44009.2,28415.8,44570.8,17900.9,21389.6,22832.6,42929.7,33033.6,32222.6,22555.5,8158.37,26226.2,21650.7,46963,44610.3,22740.7,28109.4,59293.1,23425.6,25256.8,23387.5,21878.6,34864.3,28681.5,28287.8,8547.25,21812.4,23004.6,0,7974.29,30911,21833.6,22726.2,55747.5,13471,43732.7,21919.6,22020.8,22626.4,23211.7,30223.5,24544.7,22608.3,26486.7,22339.2,5531.45,8032.96,22554.7,21720.1,22730.5,21767.6,18664.7,33046.9,18531.7,21816.6,51584,27857.1,8741.38,65470.5,21564.6,49585.1,15632.8,35340.2,22092.3,22720.8,49094.4,21789.1,68.1643,25808.1,49589.8,49648.6,45435.3,22526.7,22625.6,22251.6,21989.3,7978.81,21667.6,44597.9,44491.6,49589,21833.8,22618.2,8482.15,14057.1,16923.7,44515.7,21896.8,25477,19059.5
26201.1,40232.6,40338.5,36531.3,15556.4,11596.2,43500.8,3356.12,28141.3,30710.4,36247.2,26609,36596.7,9948.3,13496.3,25396.4,35341.2,25925,24269.7,14810.7,9499.55,18697.2,29045.4,39074.6,36636,14834.6,20236,55966.5,15455.5,18139.5,16337.5,14027.3,27624.2,20781.1,20326.6,9410.27,13956.8,15182.2,7974.29,0,22987.9,13957.7,14826.9,48374.2,10774.1,35758.4,28448.8,26494.3,14913.5,18290.2,22291.8,16573,14747.2,25896.2,14418.3,2670.43,8715.24,14807,28169.8,14866,28267.1,26636.4,26021.1,26490.8,29790.4,43803.8,19964.2,780.095,62587.8,28081.7,43644.2,22964,39164.1,14233.8,14858.4,41409.9,28278.2,8042.45,30394.7,43644.6,43704.9,37485.2,14669.5,14753,14297.2,14126.2,41.555,13818.6,36623.7,36517.4,43657.5,13957.8,14757,9570.62,18790.2,9728.17,37189.8,13991.8,17852.4,11477.2
35528.6,20789.1,17586.3,13862.7,15825.6,12209.7,23649.2,21630.9,50100.5,53275.9,17288.7,35970.7,14075,13495.6,9529.74,42944.8,13770.2,16256.8,5249.73,8733.77,30247.3,7017.47,51784.6,16111.3,14153.7,8173.06,3009.31,55331,8197.18,14645.9,15215.2,9100.84,10100.6,2294.13,5050.95,29853.3,9158.26,10433.5,30911,22987.9,0,9106.03,8192.2,31230.9,26539,13311.8,50452,46387.1,8777.45,19089.2,5731.94,7156.6,8364.25,38052.3,8572.78,25605.5,29377,8725.05,50105.8,8237.3,50247.6,49549.6,16872.4,49272.6,52650.4,23892.4,3129.19,22209.2,62701.9,50085.2,34911.9,45727,57044.6,8877.38,8250.74,19099.3,50248.4,30978.9,50078.6,34892.4,34948.9,14559.4,8451.92,8326.38,8726.06,8971.06,22989,9312.41,14122.3,14074.5,34966.2,9105.67,8354.2,30104.5,37819,14957.1,21895.3,9016.41,6865.41,14411.9
30948.5,28319.5,26651.2,22887.9,11885.9,4859.38,31438.3,12535.8,41566.2,44498.3,24465,31403.5,23039,5305.92,517.494,35835.7,21635.6,18137.4,11532.1,1683.62,21846.6,5761.96,42921.6,25130.8,23100.7,1009.16,6280.14,55348.4,3785.32,12465.6,11824.4,332.043,14816.8,6852.11,7764.05,21512.9,271.842,6445.43,21833.6,13957.7,9106.03,0,950.65,37871.4,19148.3,22237.5,41902,38557.1,1985.57,14155.4,10027.7,4339.8,809.205,32595.9,877.642,16604.5,20967,1658.3,41580.5,917.26,41705.6,40453.1,18555.9,40166.6,43546.8,31714.4,6024.48,13177.6,62554.1,41533.7,37779.6,36845.5,50043.5,357.152,914.025,27553.3,41710.4,21901.2,42362.5,37768.3,37828.7,23664.5,747.926,795.56,1572.68,238.723,13961.5,384.697,23077.6,23003.2,37817.5,1.5769,818.285,21751.1,29221,6284.07,27337.2,444.243,4639.9,7949.22
31094.9,27395.9,25717.8,21950.1,11788.1,5165.89,30507.1,13468.8,42322.8,45306.6,23551.2,31549.7,22096.3,5867.69,1337.61,36345.9,20901.4,17519.4,10600.9,1891.9,22561.1,5438.01,43749.5,24248.7,22157,118.189,5417.79,55030.8,3242.02,12154.6,11650.4,1076.24,14323.9,5956.76,6869.21,22214.5,1095.11,6140.01,22726.2,14826.9,8192.2,950.65,0,36998.7,19665.5,21292.9,42661.9,39185.5,2192.4,14701.3,9135.79,3603.72,583.713,32862.5,557.247,17464,21682,1863.87,42335.4,530.309,42463.8,41358,17958.2,41084.2,44458.6,30782.2,5137.28,14047,62260.6,42293.8,37173,37676.8,50551.9,859.489,558.177,26762.1,42467.8,22793.9,42975.2,37161,37221.2,22745.6,650.459,422.582,1305.87,897.912,14829.6,1258.18,22134.4,22058.6,37212.4,949.905,580.363,22455.7,30165.1,7214.89,26518.5,838.107,4283.86,8168.54
42213.8,11014.6,21614.5,22196.3,33291.2,37378.1,9506.15,48718.9,68566.6,73075.3,13968.7,42442.1,21422.2,39064.2,38015.7,55957.2,33551.9,22813.8,26697.5,38486,51053.3,38171.9,72393.8,26632.1,21225,36907.9,33818.6,40440.6,34506.7,30509,32387.2,38068.9,38261.6,33037.7,30138.4,50499.9,38075.4,33546.7,55747.5,48374.2,31230.9,37871.4,36998.7,0,44946.5,21488.2,68976.3,61745,38674,50292.9,27873.6,33639,37482.7,46590.9,37013.8,50338.2,50410.7,38465.1,68517.3,37366.3,68744.4,73337.8,22896.5,73701.2,76606.2,9484.23,33671.7,47738.1,47005.7,68657,17477.3,67025,67216.7,37857.9,37393,32132.5,68720.9,55811.2,64369.1,17439.6,17444.2,23965,37574.4,37356.5,36561.4,37885.4,48353.3,38232.4,21316.6,21107.6,17557.8,37870.2,37474.6,50747.5,66430.2,44065.1,11236.4,37526.1,37793.3,36898.1
15487.9,38848.9,42029.9,38281.5,12610.7,14610.9,42112.5,13962.4,24578.6,28583.6,34997.2,15884.4,38119.3,13842.6,18634.9,16687.4,40191.5,22315.2,25603.2,20637.9,6343.55,24874,27641.5,42063.2,38101.7,19608,24547,46021.4,18386.2,15309.8,13565,19384.6,33963.7,24793.4,22252.1,5781.59,19297,16281.7,13471,10774.1,26539,19148.3,19665.5,44946.5,0,37241.5,24967.2,19879.6,20872.5,28175.7,23457.7,19386.8,19908,15196,19115.9,10221.8,5916.72,20620.7,24557.3,19981.4,24744.3,28623.2,22134.9,29210.5,31875.5,42434.3,24137,10941.5,52394.2,24615.6,36693.6,22096.7,30895.2,19503.4,19990.1,45622.1,24733.1,13512.2,23540.6,36701.7,36758.8,39773.6,19870.9,19826.7,18558.3,19382,10732.7,19229.6,38116.2,37939.4,36689.9,19147.5,19915.1,5999.98,27359.4,18083.2,33846.4,18929.7,23778.1,12127.9
42347.5,10564.6,4789.46,1302.74,24876.7,24326.7,12308.1,34741.4,61659.2,65249.3,9190.31,42739.3,877.871,25878,22607.8,52571.6,12211.1,18890.1,11757,22031.1,41957.5,19913.2,63943.1,6860.42,880.179,21252.8,16320,54569.7,20325.3,22540.4,23980.6,22279.6,17258.3,15596.9,15539.6,41497.5,22327.6,21328.6,43732.7,35758.4,13311.8,22237.5,21292.9,21488.2,37241.5,0,62033.7,56916.1,22085.2,31337.7,13891.6,19200.8,21550.3,45785.5,21588.6,38285,41123.9,22021.2,61649.1,21421,61817.7,62391.4,19500.7,62228.7,65548.1,12447.7,16423.7,34992.8,61863.2,61673.4,31395.8,57967.2,66150.7,22051,21438,12634.4,61811.6,43800.8,60366.5,31365.4,31408.8,3570.49,21642,21490.5,21552.9,22132.9,35754,22487.8,879.831,765.769,31469.8,22236.9,21540.3,41757.7,51124.8,28255.5,16221.9,22076.2,20023,25639.4
29488.7,63702.5,66807.6,63020.5,37577.6,38253.8,66940.5,31105.8,412.626,4726.74,59899.5,29511.1,62909.3,36978.6,41399.6,15281.7,63533.8,46910.8,50299.7,43007.3,20212.8,47057.1,5692.82,66432.9,62903.5,42641.7,48012.1,58623.5,42313.8,40256.8,38531,42038.7,56063.8,48430,46706.4,20627.4,41959.1,40765.4,21919.6,28448.8,50452,41902,42661.9,68976.3,24967.2,62033.7,0,8931.35,43150.8,45115.7,48154.6,43410.3,42711.2,25339.6,42173.9,25827.9,21078.8,42999.4,489.079,42816.6,232.365,13853.8,46643.5,15751.2,15439.7,67263.6,47669.2,29186.9,62993.9,368.408,57814.3,7427.79,18433.2,42220.1,42815.2,69410.7,264.348,21868,9579.28,57832.7,57881.1,64375.1,42646.3,42682.7,41840.2,42102.9,28431.9,41841.8,62912.5,62749.1,57787,41901.8,42720.3,20371.9,29198,38157.8,58178.9,41833.6,46145,36455.6
20969.9,57384.9,61702.1,57999.6,32047.8,34310.3,60545.3,29644.1,8565.25,13654.2,53734.8,20944.6,57792.9,33321.4,38039.9,6452.96,59959.6,40425.1,45396.8,39897.2,17088,44114.2,14385.3,61922.7,57763,39142.4,44281,49699.2,38204.8,34512.6,32959.1,38752.9,53268.6,44576.2,42125.1,17296.3,38667.4,36160,22020.8,26494.3,46387.1,38557.1,39185.5,61745,19879.6,56916.1,8931.35,0,40093,44515.4,43260.5,39230.5,39350.4,16668,38653.3,24188.2,17936.6,39884,8456.71,39438.6,8730.89,21253.1,40076,22953.1,23489,60868.9,43887.8,27118.1,54156.9,8773.5,49610.8,13051.2,13388.4,38901.6,39443.1,65483.1,8681.51,21991.2,3900.67,49631.3,49677.2,59569.3,39300.8,39290.5,38176.1,38780.1,26466.4,38576.2,57783.3,57592.8,49578.5,38556.5,39358.5,17090.1,32857.6,36007.7,51276.7,38400.2,43085.8,31991.3
32918.6,28826.7,26333.1,22634,13851.5,6808.86,31871.2,13095.6,42823.9,45601,25055.2,33373.6,22852.3,7074.25,2413.17,37547.8,20437.6,19651.5,12053.3,310.346,23238.8,4026.48,43958.3,24454,22930.1,2310.55,5779.14,57211.5,5432.48,14328.4,13763.5,1665.03,13179.4,6488.38,8585.08,22934.2,1745.3,8305.28,22626.4,14913.5,8777.45,1985.57,2192.4,38674,20872.5,22085.2,43150.8,40093,0,12560.4,10828.3,5704.14,1614.6,34518.6,2586.88,17583.3,22360.6,337.986,42842.8,1664.93,42959,41131.4,20102.8,40756.1,44175.3,32136.5,5662.91,14139.9,64434.8,42782.4,39303.9,37876.9,51750.9,1668.47,1636.16,26502.3,42965.9,22693,43922.6,39291.4,39351.5,23225.4,1566.41,1776.13,3399.55,1762.03,14922.3,1747.06,22899.3,22848.8,39344.2,1986.96,1616.45,23165.3,29072.8,6185.13,28365.9,2384.6,3007.8,9913.33
42597.8,39854.1,34678.2,31473.7,25413.8,17823.9,42629.5,14980.5,44872.1,46362.1,36373.7,43042,31929.2,17041.3,14320.6,43683.8,24769.8,32211.3,23718.9,12838,27751.4,12122.5,44309.8,31306.3,32061,14817.8,16498.3,69191.2,17915.1,26467.9,25561.7,13844.4,15853.8,17271.4,20829.4,27692.1,13886.3,20523.7,23211.7,18290.2,19089.2,14155.4,14701.3,50292.9,28175.7,31337.7,45115.7,44515.4,12560.4,0,22956,18264.5,14119.5,43226.6,14976.4,20365.1,26992.2,12865.1,44925.9,14194.1,44968.1,39141.5,32657.8,38199.1,41699.8,42858.2,16682.3,17800.9,76310,44763.3,51864.2,38512.7,57405.2,13974.8,14164.5,31056.9,44990.8,23261,48404.9,51851.8,51911.9,31273.5,14051.2,14279.2,15728,14014.3,18324.2,13781,32003.9,32043.9,51904.5,14156.9,14123.7,27843.8,22781.2,10571.3,40503.3,14597.8,12582.1,20658.3
30607.8,18371.4,18655,14866.7,11483.4,10699.5,21548,21766.4,47782,51360.2,14470.8,31038.7,14764.4,12347.7,10213,39253,18390,10556.5,2148.31,10627.5,28066.6,11107.5,50071.8,18717,14766.1,9048.48,6841.83,49613,6996.51,9681.2,10692.9,10209.9,15829.2,6208.05,2266.8,27605.9,10220.7,7448.06,30223.5,22291.8,5731.94,10027.7,9135.79,27873.6,23457.7,13891.6,48154.6,43260.5,10828.3,22956,0,5970.51,9610.4,33463.1,9186.89,24710.5,27234.8,10605.7,47773.5,9493.34,47939.5,48806,11162,48753.9,52003,21834.5,6517.96,21550.7,56980.4,47793.5,29581.4,44115.7,53137.8,9995.21,9519.9,22861.3,47934.2,30291.4,46804.3,29564.1,29622,16317.3,9702.46,9486.12,8817.45,10028,22282.5,10380,14771.4,14618.3,29631.5,10026.5,9602.22,27866.1,39072.6,16285.3,17585.7,9705.11,10425.8,11751.5
29227.5,24337.8,23831.3,20013.9,9453.83,5193.78,27518.6,15836.4,43053.1,46354.5,20422.9,29678.4,20046.4,6681.66,4404.36,35850.5,20840.6,13947.6,7770.35,5428.31,23198.1,7828.63,44938.1,23026.6,20079.9,3492.57,5428.32,51849.5,1126.82,9178.2,9081.71,4593.08,15604.3,5503.44,3811.88,22786.4,4578.34,3604.19,24544.7,16573,7156.6,4339.8,3603.72,33639,19386.8,19200.8,43410.3,39230.5,5704.14,18264.5,5970.51,0,4172.3,31406.6,3462.16,19084.5,22335,5401.42,43054.9,4086.06,43202.9,43195.2,14402.7,43061.7,46360.8,27804.8,4973.37,15813.1,59122.2,43044.5,33599.8,38912.8,49987.3,4413.3,4115.62,26254.4,43202.2,24612.8,42924.5,33587.3,33647.4,21114.2,4249.05,4017.79,2925.03,4408.42,16567.4,4720.78,20070.2,19956.9,33640.1,4338.39,4166.98,23040.5,33107,10426.2,23017.4,3948.12,6756.48,7265.35
31532.3,27818.9,25932.4,22179.8,12304.3,5513.76,30914.6,13266.7,42375.4,45303.7,23990.9,31987.2,22344.9,6072.01,1318.02,36594.7,20826.5,18098.6,11015.7,1311.16,22653.5,5060.95,43723.2,24354.8,22410.1,701.454,5501.14,55599.6,3824.6,12719,12186.6,736.605,14056.7,6094.85,7344.49,22318.4,796.968,6698.99,22608.3,14747.2,8364.25,809.205,583.713,37482.7,19908,21550.3,42711.2,39350.4,1614.6,14119.5,9610.4,4172.3,0,33247,1003.39,17397.8,21773.9,1283.07,42389.7,129.473,42514.8,41216.2,18539.2,40916.2,44302.9,31187.3,5262.38,13967.3,62825.8,42342.9,37752.4,37646.5,50802.4,516.216,113.52,26746.7,42519.6,22675.8,43152.3,37740.4,37800.6,22922.6,94.7977,161.984,1814.21,621.056,14751.5,948.296,22385.3,22316,37791.9,809.466,10.0483,22557,29803.6,6829.98,27040.6,985.344,3919.87,8565.02
4467.47,43926.3,50401.9,47010.8,22228.8,27739.7,46858.5,29141.7,24942.6,30024.5,40688.1,4350.67,46626.4,27555.8,32121.6,10237.3,51705.6,27398,35396.9,34240.7,18371.9,38298.2,30297.6,51760.2,46550.8,32777.2,36833.7,34457.4,30668.9,23790.6,22883.4,32887.5,46948.2,36845.4,33107.4,18053.7,32801.9,27824.5,26486.7,25896.2,38052.3,32595.9,32862.5,46590.9,15196,45785.5,25339.6,16668,34518.6,43226.6,33463.1,31406.6,33247,0,32310.4,24924,18668,34218.4,24851,33287.5,25119.8,35236.1,26893.9,36531.8,38078,47174.9,36376.1,26115.6,39874.9,25116.4,33192.9,26933.8,20901.4,32947.6,33303.8,56296.9,25077.6,26502.1,18359.5,33215.7,33258.6,48932.3,33235.8,33129.6,31596.8,32833.9,25855.3,32777.8,46592.1,46357,33155.3,32594.8,33251.8,18073.3,40366.5,32880.7,36904.7,32275.9,37146,24694.4
30557.1,27506.1,26048.4,22269.6,11301,4608.72,30637.1,13153.6,41833.3,44844.5,23639.6,31012,22399.4,5332.19,1047.08,35794.6,21407.9,17283.7,10736.9,2277.37,22056.3,5988.32,43300.5,24659.6,22456,492.254,5865.31,54630.2,2940.45,11744.8,11187.4,1147.37,14879.2,6368.73,6927.99,21705,1122.43,5720.11,22339.2,14418.3,8572.78,877.642,557.247,37013.8,19115.9,21588.6,42173.9,38653.3,2586.88,14976.4,9186.89,3462.16,1003.39,32310.4,0,17044.8,21177.5,2249.44,41845,1005.91,41975,40984.1,17708.4,40730.1,44094.7,30915.2,5561.82,13639.1,61849.9,41805.8,36930.9,37230.6,50000.1,1001.63,1027.71,27241.4,41978.7,22407,42439.4,36919.4,36979.8,23107,1030.17,856.257,814.27,968.431,14419.9,1259.59,22435.4,22353.8,36969.3,876.233,1004.8,21947.3,29996.1,7102.17,26463.2,520.16,4835.6,7617.36
25671.7,42471,42893.4,39080.9,17213,14018.7,45751.2,5465.11,25525.8,28042.7,38484.7,26057.4,39129,12415.6,16137.5,23509.6,38011.6,27707.3,26723.8,17479,7478.77,21363.7,26375.2,41704.3,39163.9,17468.5,22878.5,56095.5,17960.9,19908,18057,16681.1,30268.2,23412.5,22801.1,7510.62,16609.6,17473.2,5531.45,2670.43,25605.5,16604.5,17464,50338.2,10221.8,38285,25827.9,24188.2,17583.3,20365.1,24710.5,19084.5,17397.8,24924,17044.8,0,6802.89,17475,25556.9,17515.4,25649,24116.7,27754.3,24046.3,27298.2,46057.7,22599.4,3443.7,62562.4,25461.5,44845.7,20293.8,37051.4,16885.6,17508.4,44077.5,25661.2,5598.74,28086.1,44848.1,44907.9,40074.1,17321.1,17400.1,16895.4,16776.8,2661.05,16473.2,39153.7,39041.3,44854.6,16604.6,17407.5,7622.28,17721.7,12329.8,39118.2,16627.3,20522.6,13552.4
20057.3,43743.5,45873.5,42068.1,17406.5,17175.2,47031.7,12014.2,20724.8,24125.5,39817.6,20397.6,41995,15925.3,20456.1,16734.2,42583.3,27632.4,29367,22187.9,879.678,26351.7,22879.7,45360.9,41999.6,21654.1,26980.4,51284.9,21236,20211.9,18361.1,21129.2,35482.3,27375.7,25686.6,708.276,21046.6,19796.8,8032.96,8715.24,29377,20967,21682,50410.7,5916.72,41123.9,21078.8,17936.6,22360.6,26992.2,27234.8,22335,21773.9,18668,21177.5,6802.89,0,22177.2,20729.3,21873,20872.9,22946.9,27517.5,23428.5,26213.1,47350,26626.1,9270.78,57437.8,20712.5,42606.9,17025.9,30451.5,21297.6,21873.9,48375.1,20873.1,8061.07,21824.9,42614.8,42672,43353.4,21714.8,21733,20804.2,21178,8682.88,20940.2,42003.7,41852.9,42603.6,20966.6,21782.6,857.573,22090.1,18072.8,39229.5,20864.6,25368.1,15484.5
32601.4,28659.7,26299.4,22587.5,13515.2,6497.68,31716.4,13056.3,42670.8,45477.8,24874.5,33056.4,22794.5,6804.87,2100.71,37300.6,20565.1,19346.2,11872.5,28.121,23056,4257.89,43847.3,24483.3,22869.6,1982.05,5742.2,56875.8,5105.75,13992.1,13425.7,1343.2,13399.1,6431.48,8354.66,22745.6,1425.74,7968.5,22554.7,14807,8725.05,1658.3,1863.87,38465.1,20620.7,22021.2,42999.4,39884,337.986,12865.1,10605.7,5401.42,1283.07,34218.4,2249.44,17475,22177.2,0,42688.8,1339.75,42806.7,41085.2,19794.1,40725.6,44138.4,31983.4,5599.67,14031.4,64098.2,42631,38999.7,37766,51505.5,1334.62,1310.6,26602.9,42813.2,22621.5,43708.8,38987.4,39047.4,23211.4,1231.67,1444.97,3061.8,1431.19,14814.9,1440.58,22840,22785.5,39039.8,1659.64,1285.37,22978.1,29165,6234.53,28123.2,2050.49,3201.86,9597.98
28999.7,63273,66424.8,62640,37166.6,37903.8,66508.9,30855,129,5208.11,59474.7,29022,62525,36639.1,41077,14797.5,63214.6,46471.6,49919.3,42696.9,19860.8,46757.4,6100.58,66074.3,62518.3,42314.2,47678.5,58152.7,41960.5,39839.9,38119.1,41719.9,55776.3,48091.5,46336.9,20269,41639.9,40391.1,21720.1,28169.8,50105.8,41580.5,42335.4,68517.3,24557.3,61649.1,489.079,8456.71,42842.8,44925.9,47773.5,43054.9,42389.7,24851,41845,25556.9,20729.3,42688.8,0,42494.4,274.192,14126.8,46201.6,16011.7,15785.2,66832.1,47333.2,28904.3,62538.5,378.43,57329.9,7460.01,18169.3,41900,42493.2,69077.9,227.106,21669.4,9196.5,57348.3,57396.7,64003.8,42325.4,42359.8,41505,41782.5,28152.4,41523.7,62527.7,62363.2,57302.6,41580.2,42398.7,20014.5,29226.2,37885.6,57728.8,41508.2,45839.4,36083.1
31556.9,27694.8,25804.2,22051.2,12298,5560.73,30789.2,13393.7,42480.4,45415.4,23868.5,32011.8,22215.8,6150.1,1418.13,36667.4,20723.1,18020.3,10891.3,1367.63,22752.6,5014.01,43837.5,24232.5,22280.9,647.837,5378.93,55561.1,3767.56,12684.2,12170.2,863.807,13985.6,5969.27,7227.9,22415.8,921.894,6668.2,22730.5,14866,8237.3,917.26,530.309,37366.3,19981.4,21421,42816.6,39438.6,1664.93,14194.1,9493.34,4086.06,129.473,33287.5,1005.91,17515.4,21873,1339.75,42494.4,0,42620,41340.3,18463.7,41041.8,44427.9,31061.7,5137.3,14086,62790.5,42448.3,37674.3,37761.1,50874.9,640.774,29.5938,26636,42624.7,22798,43238.5,37662.2,37722.3,22796,223.218,158.367,1805.8,741.225,14870.1,1075.17,22256.2,22186.8,37714,917.391,119.602,22654.8,29931.9,6957.84,26932.7,1051.84,3868.21,8600.46
29264.7,63475.2,66592.1,62805.7,37354.5,38048.1,66712.8,30934.4,181.061,4934.68,59673.2,29288.1,62693.3,36776.2,41202.8,15070.4,63338.3,46681.7,50084.9,42814.7,20006.1,46868.2,5840.98,66224.6,62687.3,42443.3,47811.7,58426.8,42107.1,40032.3,38307.7,41843.2,55879.3,48228,46494.7,20418.7,41763.4,40552.3,21767.6,28267.1,50247.6,41705.6,42463.8,68744.4,24744.3,61817.7,232.365,8730.89,42959,44968.1,47939.5,43202.9,42514.8,25119.8,41975,25649,20872.9,42806.7,274.192,42620,0,13922.2,46413.9,15812.9,15549.7,67036,47468,29003.8,62810.3,216.887,57584.5,7372.92,18367.2,42024.2,42618.6,69210.7,58.0129,21716.3,9444.59,57602.9,57651.3,64163,42450.1,42485.8,41639.2,41906.9,28250,41646.6,62696.5,62532.7,57557.3,41705.3,42523.9,20163.6,29144.2,37978.6,57948,41635.9,45954.1,36242.9
38660.7,66268,66972.9,63167.2,40160.6,38129.4,69561.2,28037.2,13999.1,11119.1,62296.8,38819.1,63231.6,36532.1,40020.4,26523.3,61182.6,50534.8,50834.9,41083.9,22348,44548.4,8840.19,65556.4,63269.5,41376.6,46713,69643.5,42073.3,42972.7,41096.9,40482.5,52781.9,47305.2,46917.4,22908.8,40419.3,41485.6,18664.7,26636.4,49549.6,40453.1,41358,73337.8,28623.2,62391.4,13853.8,21253.1,41131.4,39141.5,48806,43195.2,41216.2,35236.1,40984.1,24116.7,22946.9,41085.2,14126.8,41340.3,13922.2,0,50441.4,1944.88,3268.44,69874,46476.2,27405.5,74693.6,13751.3,64932.5,8429.14,32287,40700.1,41329.4,67440.5,13979.4,18596.6,23111.6,64944.1,64998.9,64089.4,41132.5,41240.9,40912.8,40600.3,26640,40270.8,63257.9,63149.3,64920.9,40453.4,41226.2,22670.7,18591.6,35191.8,62135.6,40533.4,43889,37374.9
23131.4,17339.1,23862.4,20787.7,10544.5,16159.6,20471.2,26916.1,46239.9,50547.1,13855.9,23497.3,20281.6,17679.7,18464.1,34871.1,28139.2,658.829,11988.3,19821.4,28169.3,21666.6,49728.6,26036,20175.1,17842.3,17753.9,38458.9,14771.2,7881.63,9702.46,18852.7,26932.4,17223,12594.5,27618.3,18819,12549.9,33046.9,26021.1,16872.4,18555.9,17958.2,22896.5,22134.9,19500.7,46643.5,40076,20102.8,32657.8,11162,14402.7,18539.2,26893.9,17708.4,27754.3,27517.5,19794.1,46201.6,18463.7,46413.9,50441.4,0,50818.6,53709.8,20794.6,17361.7,25457.1,45831.5,46309.2,19223.8,44230.7,47687,18706.1,18493.3,31292.5,46395.2,33108.8,43115.7,19212.6,19273,22918,18608.7,18379.9,16993,18676.4,25995.3,18938.2,20230.4,19971.1,19261.6,18554.4,18534.9,27867.6,44614.2,23859.5,11721.6,18121.5,20767.8,14778.5
39839,66400.8,66766.3,62971.8,40447.6,38056.5,69690.8,27672.1,15884.6,13059.3,62420.8,40014,63060.6,36431,39748,28055.3,60643.3,50887.3,50753.7,40723,22884.3,44074.8,10785,65208.4,63104.6,41108.2,46398,70978.2,41945.7,43252.9,41372.7,40180.2,52147.4,47011,46815.9,23447.7,40119.9,41499.6,18531.7,26490.8,49272.6,40166.6,41084.2,73701.2,29210.5,62228.7,15751.2,22953.1,40756.1,38199.1,48753.9,43061.7,40916.2,36531.8,40730.1,24046.3,23428.5,40725.6,16011.7,41041.8,15812.9,1944.88,50818.6,0,3509.93,70001.1,46178,27248.6,76128.4,15637.9,65709.8,9984.38,34179.9,40401.1,41029.6,66932.8,15869.7,18463.7,24932,65720.4,65775.9,63829.7,40830.4,40948.3,40697.3,40304.7,26497.4,39968.3,63090.1,62989.6,65700.4,40166.9,40926.2,23219.1,17118.4,34737.3,62478.7,40267.6,43456.9,37458.6
41612.8,69515.6,70110.7,66309.7,43425.9,41316.7,72808.4,31082.1,15656.3,11880.8,65542.4,41756.1,66384.9,39708.5,43121.3,29070,64119.6,53803.2,54022.1,44136.4,25609.8,47530.1,9906.61,68620.5,66425.4,44480,49792.9,72405.5,45241,46237.8,44361.4,43567.8,55643,50396.5,50096.4,26170.1,43506.2,44701.8,21816.6,29790.4,52650.4,43546.8,44458.6,76606.2,31875.5,65548.1,15439.7,23489,44175.3,41699.8,52003,46360.8,44302.9,38078,44094.7,27298.2,26213.1,44138.4,15785.2,44427.9,15549.7,3268.44,53709.8,3509.93,0,73120.7,49565.2,30555.3,77318.3,15407.6,68120.5,11144.6,33717.9,43787.2,44416.3,70401.1,15607.7,21748.4,24959.6,68132.5,68186.9,67201.2,44218.1,44331.6,44042,43689.3,29795.3,43355.9,66412.6,66307.5,68108,43547.1,44313,25931,20379.7,38184,65403.9,43637.9,46898.2,40608.4
43083.7,3609.05,12130.9,12980.3,29961.8,32289.2,323.789,43555.4,66864.6,71015,7580.29,43392.8,12241.8,33983.3,31958.7,55617.2,24237.6,20448.2,20182.3,32000.3,48091.2,30901.1,70046.6,17160.4,12051.5,30709.4,26748.7,47490.1,28820.1,27178.6,29002.9,31852.7,29631.9,25962.4,24035.4,47566.4,31876.9,28621.6,51584,43803.8,23892.4,31714.4,30782.2,9484.23,42434.3,12447.7,67263.6,60868.9,32136.5,42858.2,21834.5,27804.8,31187.3,47174.9,30915.2,46057.7,47350,31983.4,66832.1,31061.7,67036,69874,20794.6,70001.1,73120.7,0,26698.6,43096.5,54439.2,66922.2,23705.9,64344.7,68076,31627.5,31085.2,22653.8,67019.9,51650.7,63897.4,23669.5,23694.9,14589.2,31282,31084.9,30620.1,31678.9,43789.7,32040.3,12138.9,11961.9,23788.4,31713.4,31178.2,47825.2,60892.5,37996.8,10620.2,31434.9,30726.4,32546.7
34138.7,23485.6,20714.7,16990.8,14329.2,9578.41,26443.9,18521.6,47324.1,50392.4,19837.1,34588,17194.9,10701,6470.26,40705.4,16072.2,16799.4,7037.12,5609,27501.9,4630.69,48859.4,19111.7,17270.6,5130.91,466.514,55610.6,5814.23,13672.6,13868.8,5998.01,10715,836.879,4767.49,27129.9,6059.07,8555.12,27857.1,19964.2,3129.19,6024.48,5137.28,33671.7,24137,16423.7,47669.2,43887.8,5662.91,16682.3,6517.96,4973.37,5262.38,36376.1,5561.82,22599.4,26626.1,5599.67,47333.2,5137.3,47468,46476.2,17361.7,46178,49565.2,26698.6,0,19184.3,62944.8,47301.5,36077.7,42791,54870.6,5777.99,5149.01,21749,47470.5,27924.7,47627.7,36061,36119.2,17668.7,5347.71,5235.29,5829.35,5876.31,19966.8,6209.88,17240.8,17187.7,36126.7,6024.24,5252.36,27376.8,34728.9,11833.9,23859.7,5972.66,4122.06,12103.1
26289.9,39529.6,39567.9,35761.6,15033.2,10861.1,42794.5,3026.8,28876.9,31476.3,35545.3,26703.6,35830,9203.62,12716.3,25889.3,34570.5,25347.6,23520.1,14035.3,10076.6,17934.8,29818.4,38294.9,35870.1,14054.9,19455.9,55836,14697.4,17577.1,15793.4,13247.6,26879.4,20001.4,19573.5,9956.51,13177,14477.7,8741.38,780.095,22209.2,13177.6,14047,47738.1,10941.5,34992.8,29186.9,27118.1,14139.9,17800.9,21550.7,15813.1,13967.3,26115.6,13639.1,3443.7,9270.78,14031.4,28904.3,14086,29003.8,27405.5,25457.1,27248.6,30555.3,43096.5,19184.3,0,62499.6,28819.5,43215,23737,39718.5,13453.9,14078.4,40634,29014.5,8809.53,31017.3,43214.9,43275.4,36709.5,13889.6,13972.9,13521.5,13346.2,784.712,13038.9,35857.4,35752.2,43229.6,13177.7,13977,10128.3,19259.1,9017.08,36566.1,13212,17083.4,10842.5
37447.2,53335,64641.7,63089.1,50899.9,58488.5,54267,65264.2,62654.6,67645.7,52881.1,37143.1,62346.5,59326.4,62275.9,48253.9,72921.7,46453.3,57754.3,64126.2,57374.3,66894.5,68541.2,68653.9,62170.1,62143.9,63368.1,7387.8,59077.5,50106.8,50798.5,62884.8,72758.8,62911.8,58223.9,56945.1,62823.9,56129.8,65470.5,62587.8,62701.9,62554.1,62260.6,47005.7,52394.2,61863.2,62993.9,54156.9,64434.8,76310,56980.4,59122.2,62825.8,39874.9,61849.9,62562.4,57437.8,64098.2,62538.5,62790.5,62810.3,74693.6,45831.5,76128.4,77318.3,54439.2,62944.8,62499.6,0,62876.7,30858.2,66271.9,49144.3,62811.8,62817.8,74489.6,62757.5,65498.9,53865.7,30892.9,30860.3,65373.1,62869.2,62666,61040.8,62741.6,62547.1,62893.4,62255.9,61972.5,30777.7,62552.5,62824.9,57033.6,79527.4,66007.8,45840,62116.3,65864.7,55691.5
29247.9,63359.8,66446.8,62659.1,37226.2,37887.4,66599.1,30741.7,249.455,4917.62,59554.3,29274.6,62548.8,36611.2,41031.3,15089.4,63165.5,46574.6,49938.4,42638.9,19846.8,46688.9,5737.73,66067.4,62543.4,42273.6,47644.2,58472.6,41947.7,39907.9,38180,41670.4,55696.2,48062.5,46342.8,20262.2,41590.7,40402.8,21564.6,28081.7,50085.2,41533.7,42293.8,68657,24615.6,61673.4,368.408,8773.5,42782.4,44763.3,47793.5,43044.5,42342.9,25116.4,41805.8,25461.5,20712.5,42631,378.43,42448.3,216.887,13751.3,46309.2,15637.9,15407.6,66922.2,47301.5,28819.5,62876.7,0,57541.4,7157.86,18542.4,41851.8,42446.9,69042.8,259.437,21513.2,9570.68,57559.6,57608.2,64011.8,42278,42314.4,41472.4,41734.6,28064.8,41473.5,62552.2,62389.1,57514.5,41533.5,42352,20006.7,28929,37791.3,57851,41465.4,45776.7,36092.6
28748.6,22477.5,33861.3,32568.4,28410.1,35128.2,23513.9,45166.1,57403.5,62312.3,22253.2,28842.3,31799.9,36526.4,37685.1,43315.3,43017.5,19654,29666.8,39026.7,43015.6,40582.5,62114.9,38064.3,31615.2,37057.6,36418.9,23802.6,33994.7,26311.7,27817.5,38075.8,44426.5,35786.8,31404.1,42458.2,38042.5,31688.4,49585.1,43644.2,34911.9,37779.6,37173,17477.3,36693.6,31395.8,57814.3,49610.8,39303.9,51864.2,29581.4,33599.8,37752.4,33192.9,36930.9,44845.7,42606.9,38999.7,57329.9,37674.3,57584.5,64932.5,19223.8,65709.8,68120.5,23705.9,36077.7,43215,30858.2,57541.4,0,57513.7,52613.3,37927.8,37703.9,43928.7,57550.2,49638.4,51551.7,37.8517,66.9566,34822,37823.4,37593.9,36216.6,37899.2,43611.8,38162,31704.3,31425,82.9441,37778.1,37747.9,42664.1,62424.8,42952.3,15183.2,37345.3,39768.1,33261
30512.5,60741.4,62679.2,58861.9,34383,33722,64025.4,25214.5,7357.46,7886.55,56828,30644.6,58831.6,32278.7,36365.3,18097.9,58303.5,44402.5,46226.7,37770.3,16260.7,41635.5,6081.44,61834.1,58846.2,37672.8,43092.4,61276.8,37790.2,37172.9,35341.8,36939.4,50427.6,43588.9,42444.3,16780.1,36865.5,36669.4,15632.8,22964,45727,36845.5,37676.8,67025,22096.7,57967.2,7427.79,13051.2,37876.9,38512.7,44115.7,38912.8,37646.5,26933.8,37230.6,20293.8,17025.9,37766,7460.01,37761.1,7372.92,8429.14,44230.7,9984.38,11144.6,64344.7,42791,23737,66271.9,7157.86,57513.7,0,25073.7,37138.3,37755.6,64365.2,7417.15,15572.9,15407.8,57527.7,57580.6,60026.9,37572.9,37639.8,37005.2,37026.8,22954.9,36733.6,58845.6,58706.9,57496.8,36845.5,37656.1,16520.8,21771.5,32445.4,55943,36838.8,40812.7,32386.8
25094.9,64815.6,70853.1,67333.4,41654.4,45455.3,67759.5,42432.1,18296.1,21981.2,61525.6,24829.9,67009.9,44737.7,49529.9,14207.9,70807.9,48163.7,55195.7,51522.2,29667.6,55762,23811.4,71789.4,66949.6,50491.9,55297.8,46325,49062.2,43699.7,42459.9,50278.5,64858.7,55476.5,52385.2,29762.2,50191,46613.2,35340.2,39164.1,57044.6,50043.5,50551.9,67216.7,30895.2,66150.7,18433.2,13388.4,51750.9,57405.2,53137.8,49987.3,50802.4,20901.4,50000.1,37051.4,30451.5,51505.5,18169.3,50874.9,18367.2,32287,47687,34179.9,33717.9,68076,54870.6,39718.5,49144.3,18542.4,52613.3,25073.7,0,50398.5,50883.9,75913.1,18310.3,35313.6,9893.89,52641.2,52675.4,69135.3,50765.9,50719.9,49421.3,50277,39132.3,50121.9,66983.9,66762.7,52562.7,50042.7,50809.5,29594.9,46045,48332,57783.6,49823.1,54671.3,42767.5
31289.2,28247.1,26441.6,22686.3,12184.6,5209.32,31353.3,12753.9,41885.2,44800.2,24406.6,31744.2,22847.6,5660.81,868.905,36190.7,21314.7,18278.6,11448.4,1361.05,22177.3,5404.87,43215.6,24870.9,22911.8,951.418,6017.22,55599.3,3941.25,12713.2,12106.6,229.778,14462.6,6610.04,7728.59,21846.3,281.121,6688.27,22092.3,14233.8,8877.38,357.152,859.489,37857.9,19503.4,22051,42220.1,38901.6,1668.47,13974.8,9995.21,4413.3,516.216,32947.6,1001.63,16885.6,21297.6,1334.62,41900,640.774,42024.2,40700.1,18706.1,40401.1,43787.2,31627.5,5777.99,13453.9,62811.8,41851.8,37927.8,37138.3,50398.5,0,629.244,27248.9,42029.2,22159.8,42709,37916.2,37976.5,23436.3,435.672,561.107,1780.67,121.845,14238.3,437.161,22887.5,22816.7,37966.4,358.088,526.184,22083.9,29337.4,6373.61,27367.6,716.126,4282.99,8293.94
31576.2,27719,25819.1,22066.8,12322,5575.49,30812.7,13380.2,42479.1,45411.3,23893.5,32031,22232.3,6157.38,1418.1,36676.3,20723.7,18049.9,10915.4,1338.5,22753.5,4998.78,43832.2,24242.2,22297.6,675.891,5388.55,55588.7,3796.4,12711.5,12195.5,850.125,13976.2,5981.41,7254.58,22417.3,910.167,6695.01,22720.8,14858.4,8250.74,914.025,558.177,37393,19990.1,21438,42815.2,39443.1,1636.16,14164.5,9519.9,4115.62,113.52,33303.8,1027.71,17508.4,21873.9,1310.6,42493.2,29.5938,42618.6,41329.4,18493.3,41029.6,44416.3,31085.2,5149.01,14078.4,62817.8,42446.9,37703.9,37755.6,50883.9,629.244,0,26639.6,42623.4,22788.3,43243.6,37691.8,37751.9,22809.1,204.155,174.769,1829.63,732.414,14862.6,1061.81,22272.8,22203.7,37743.6,914.206,103.475,22656.1,29910.7,6936.12,26960.8,1061.21,3853.94,8617.62
53277.6,22109,10563.5,11400.5,34302,31268.1,22652.8,39475.9,69067.7,72048.7,21676.8,53696.5,12148.3,32449.8,28045.9,61906.3,6366.22,30646.4,20900.1,26599.2,49250.7,22899.9,70445.8,5866.22,12327.9,26778.1,21399.5,67202.3,27293.4,32508.9,33542.6,27442,15269.5,21004.3,23535.2,48876.2,27518,29401.1,49094.4,41409.9,19099.3,27553.3,26762.1,32132.5,45622.1,12634.4,69410.7,65483.1,26502.3,31056.9,22861.3,26254.4,26746.7,56296.9,27241.4,44077.5,48375.1,26602.9,69077.9,26636,69210.7,67440.5,31292.5,66932.8,70401.1,22653.8,21749,40634,74489.6,69042.8,43928.7,64365.2,75913.1,27248.9,26639.6,0,69213.7,49160.4,69161.8,43897.4,43938.8,9120.12,26816.7,26763.8,27574.3,27362.9,41417.7,27645.3,12240.7,12523,44004.3,27553.4,26737.3,49123.8,53361.6,32257.4,28749.2,27595.2,23617.3,33495.7
29225.1,63459.7,66586.4,62800.4,37343.1,38048.3,66696.7,30949.4,155.376,4981.48,59658.8,29247.8,62687.3,36778.1,41207.5,15024.5,63343.5,46663.7,50079.6,42821.2,20005.9,46876.4,5897.56,66223.3,62681.2,42447.1,47814.6,58376.6,42106.7,40019.6,38296.1,41848.4,55889.3,48230.1,46491.5,20417.4,41768.6,40548.1,21789.1,28278.2,50248.4,41710.4,42467.8,68720.9,24733.1,61811.6,264.348,8681.51,42965.9,44990.8,47934.2,43202.2,42519.6,25077.6,41978.7,25661.2,20873.1,42813.2,227.106,42624.7,58.0129,13979.4,46395.2,15869.7,15607.7,67019.9,47470.5,29014.5,62757.5,259.437,57550.2,7417.15,18310.3,42029.2,42623.4,69213.7,0,21738,9387.03,57568.6,57617.1,64159.4,42455,42490.4,41641.8,41911.9,28261,41651.9,62690.4,62526.4,57523,41710.2,42528.7,20162.4,29188.2,37990.8,57927.1,41640.1,45961.3,36239.1
28106.4,48061.8,48376.3,44570.9,22573.5,19593.1,51343.7,9725.55,21617.4,23452.7,44075.9,28440.5,44638.9,17968.9,21457.3,22821.6,42995.1,33096.1,32290.6,22622.4,8179.65,26291.7,21589.3,47030.5,44678.4,22808.4,28176.9,59325.5,23493.7,25319.9,23450.4,21946,34927.5,28749.2,28355.9,8571.65,21879.9,23071.9,68.1643,8042.45,30978.9,21901.2,22793.9,55811.2,13512.2,43800.8,21868,21991.2,22693,23261,30291.4,24612.8,22675.8,26502.1,22407,5598.74,8061.07,22621.5,21669.4,22798,21716.3,18596.6,33108.8,18463.7,21748.4,51650.7,27924.7,8809.53,65498.9,21513.2,49638.4,15572.9,35313.6,22159.8,22788.3,49160.4,21738,0,25776.1,49643.1,49702,45503.3,22594.2,22693.2,22319.6,22056.8,8046.98,21735.1,44666,44559.8,49642.2,21901.4,22685.7,8504.65,14029.2,16988.1,44579.4,21964.6,25543.1,19125.7
22806.8,60454,65144.9,61471.5,35492.6,38057.1,63574.5,33543.3,9324.31,13960,56873.4,22710.1,61241.6,37107.8,41845.1,8413.57,63698.4,43496.7,48931.2,43722.4,20979.9,47946.7,15268.1,65500.8,61205.7,42929.6,48026.7,49863.5,41913.5,37880,36386.1,42563.8,57101.5,48304.1,45738.1,21179.4,42478,39791.8,25808.1,30394.7,50078.6,42362.5,42975.2,64369.1,23540.6,60366.5,9579.28,3900.67,43922.6,48404.9,46804.3,42924.5,43152.3,18359.5,42439.4,28086.1,21824.9,43708.8,9196.5,43238.5,9444.59,23111.6,43115.7,24932,24959.6,63897.4,47627.7,31017.3,53865.7,9570.68,51551.7,15407.8,9893.89,42709,43243.6,69161.8,9387.03,25776.1,0,51574.3,51617.4,63088.4,43104.4,43089.2,41946.4,42587.3,30366.7,42389.6,61228.7,61031.8,51514.3,42361.9,43160.2,20976.2,36151.3,39897.6,54110.4,42196.7,46909.7,35668.4
28770.9,22443.1,33828.4,32537.6,28407.2,35121.1,23477.6,45164,57421.8,62329.9,22222,28865.1,31769,36520.2,37674.4,43336.8,42989.6,19641.9,29647.1,39014.4,43024.3,40566.6,62131.2,38032.9,31584.2,37045.7,36401.8,23838.4,33983.4,26306.2,27813.5,38064.4,44404.3,35769.3,31388.3,42466.8,38031.1,31679.4,49589.8,43644.6,34892.4,37768.3,37161,17439.6,36701.7,31365.4,57832.7,49631.3,39291.4,51851.8,29564.1,33587.3,37740.4,33215.7,36919.4,44848.1,42614.8,38987.4,57348.3,37662.2,57602.9,64944.1,19212.6,65720.4,68132.5,23669.5,36061,43214.9,30892.9,57559.6,37.8517,57527.7,52641.2,37916.2,37691.8,43897.4,57568.6,49643.1,51574.3,0,61.106,34791,37811.4,37581.9,36205.5,37887.7,43612.2,38150.7,31673.4,31394.1,120.416,37766.8,37735.8,42672.8,62425.7,42944.3,15152.3,37334.1,39753,33256.5
28814.4,22476.3,33866,32580.2,28468.1,35182.1,23503.6,45224.8,57470.3,62379.2,22263.9,28908,31811.2,36581.3,37734.9,43381.5,43037.1,19702,29703.4,39074.5,43081.1,40625.3,62181.9,38074.2,31626.4,37105.9,36459.8,23810.1,34043.7,26367.3,27874.6,38124.7,44458.5,35827.1,31447,42523.6,38091.5,31740.2,49648.6,43704.9,34948.9,37828.7,37221.2,17444.2,36758.8,31408.8,57881.1,49677.2,39351.5,51911.9,29622,33647.4,37800.6,33258.6,36979.8,44907.9,42672,39047.4,57396.7,37722.3,57651.3,64998.9,19273,65775.9,68186.9,23694.9,36119.2,43275.4,30860.3,57608.2,66.9566,57580.6,52675.4,37976.5,37751.9,43938.8,57617.1,49702,51617.4,61.106,0,34833,37871.6,37642.1,36265.9,37948,43672.5,38211.1,31715.6,31436.3,119.864,37827.2,37796,42729.6,62485.9,43005.3,15194.6,37394.5,39812,33317.6
45595.5,13363.7,3420.35,2293.46,27630.9,26305.7,14514.1,36188.6,64008.3,67440.2,12569.6,45994.9,3028.13,27766.4,24082.1,55421.7,9663.85,22295.7,14175.1,23217.3,44203.5,20535.4,66049.2,3295.67,3208.74,22722.3,17477.3,58092.2,22237.2,25439.7,26768.4,23659.2,16241.3,16832.8,17670.8,43765.5,23717.3,23616.2,45435.3,37485.2,14559.4,23664.5,22745.6,23965,39773.6,3570.49,64375.1,59569.3,23225.4,31273.5,16317.3,21114.2,22922.6,48932.3,23107,40074.1,43353.4,23211.4,64003.8,22796,64163,64089.4,22918,63829.7,67201.2,14589.2,17668.7,36709.5,65373.1,64011.8,34822,60026.9,69135.3,23436.3,22809.1,9120.12,64159.4,45503.3,63088.4,34791,34833,0,23009.8,22885.8,23188.1,23530.4,37484.3,23870.9,3120.94,3402.9,34897.2,23664.2,22912.6,44023.5,51979.6,29398.2,19639.2,23563.8,20841,27920.8
31533.2,27913.3,26021.8,22270.2,12328.2,5499.07,31009.2,13179.1,42310.9,45232.9,24084.8,31988.1,22436.2,6032,1262.35,36558,20889.9,18169.8,11110.1,1259.78,22594.4,5079.4,43650,24436.6,22501.6,766.555,5583.18,55645.1,3884,12762.5,12217.5,650.319,14092.9,6180.78,7436.38,22260.9,714.35,6740.4,22526.7,14669.5,8451.92,747.926,650.459,37574.4,19870.9,21642,42646.3,39300.8,1566.41,14051.2,9702.46,4249.05,94.7977,33235.8,1030.17,17321.1,21714.8,1231.67,42325.4,223.218,42450.1,41132.5,18608.7,40830.4,44218.1,31282,5347.71,13889.6,62869.2,42278,37823.4,37572.9,50765.9,435.672,204.155,26816.7,42455,22594.2,43104.4,37811.4,37871.6,23009.8,0,231.319,1844.17,546.354,14674,862.183,22476.7,22407.7,37862.8,748.331,104.206,22499.1,29709,6735.25,27128.4,962.75,3942.51,8558.56
31401.6,27711.1,25885,22128,12154.5,5402.37,30811.4,13307,42346,45289.6,23878,31856.5,22287.7,5997.43,1283.36,36512.4,20859.6,17940.2,10909.3,1473.06,22612.5,5172.3,43715.6,24338,22351.5,540.004,5485.93,55439.2,3662.69,12559.3,12032.4,790.647,14141.2,6065.02,7219.59,22274.3,837.43,6540.05,22625.6,14753,8326.38,795.56,422.582,37356.5,19826.7,21490.5,42682.7,39290.5,1776.13,14279.2,9486.12,4017.79,161.984,33129.6,856.257,17400.1,21733,1444.97,42359.8,158.367,42485.8,41240.9,18379.9,40948.3,44331.6,31084.9,5235.29,13972.9,62666,42314.4,37593.9,37639.8,50719.9,561.107,174.769,26763.8,42490.4,22693.2,43089.2,37581.9,37642.1,22885.8,231.319,0,1662.42,645.423,14756.8,997.424,22327.4,22256.3,37633.4,795.504,159.69,22513.6,29891.7,6922.87,26902.3,897.28,4026.58,8442.99
29798.1,27181.5,26070.1,22274.7,10492.4,3971.76,30338,13218.5,41495.5,44578.5,23288.2,30252.8,22375.6,4887.24,1503.97,35220.7,21819.2,16580.2,10477.1,3089.66,21681.1,6720.26,43066.6,24837.4,22425.3,1204.69,6176.24,53823.9,2232.64,10937.7,10373.5,1886.8,15503.7,6601.45,6586.26,21315.4,1841.91,4912.21,22251.6,14297.2,8726.06,1572.68,1305.87,36561.4,18558.3,21552.9,41840.2,38176.1,3399.55,15728,8817.45,2925.03,1814.21,31596.8,814.27,16895.4,20804.2,3061.8,41505,1805.8,41639.2,40912.8,16993,40697.3,44042,30620.1,5829.35,13521.5,61040.8,41472.4,36216.6,37005.2,49421.3,1780.67,1829.63,27574.3,41641.8,22319.6,41946.4,36205.5,36265.9,23188.1,1844.17,1662.42,0,1724.18,14296.5,1949.93,22408,22316.5,36254.2,1571.11,1815.04,21560.8,30272.4,7504.4,25932.3,1131.63,5563.72,6905.32
31182.1,28293.7,26530.4,22772.7,12097,5096.72,31404,12661.7,41767.8,44686.6,24448.7,31637.1,22931,5539.4,747.275,36069.3,21432.3,18252.1,11498,1457.07,22057.7,5524.01,43103.8,24973.7,22994.5,979.664,6120.15,55531.8,3907,12646.5,12026,185.613,14584.2,6707.26,7761.94,21726.3,198.941,6622.87,21989.3,14126.2,8971.06,238.723,897.912,37885.4,19382,22132.9,42102.9,38780.1,1762.03,14014.3,10028,4408.42,621.056,32833.9,968.431,16776.8,21178,1431.19,41782.5,741.225,41906.9,40600.3,18676.4,40304.7,43689.3,31678.9,5876.31,13346.2,62741.6,41734.6,37899.2,37026.8,50277,121.845,732.414,27362.9,41911.9,22056.8,42587.3,37887.7,37948,23530.4,546.354,645.423,1724.18,0,14130.5,362.884,22970.5,22898.7,37937.5,239.779,630.827,21963.9,29275.9,6318.95,27380.2,629.361,4403.42,8184.51
26159.5,40218,40335.7,36528.1,15528.7,11586.1,43486.6,3393.42,28124,30699,36232.5,26567.4,36592.6,9939.9,13499.4,25361.8,35351,25900.1,24261.9,14818.7,9468.36,18709.3,29036.3,39076.9,36631.7,14837,20239.4,55926.3,15449.5,18113.9,16310.8,14032.1,27639.7,20783.3,20319.4,9377.51,13961.4,15168.1,7978.81,41.555,22989,13961.5,14829.6,48353.3,10732.7,35754,28431.9,26466.4,14922.3,18324.2,22282.5,16567.4,14751.5,25855.3,14419.9,2661.05,8682.88,14814.9,28152.4,14870.1,28250,26640,25995.3,26497.4,29795.3,43789.7,19966.8,784.712,62547.1,28064.8,43611.8,22954.9,39132.3,14238.3,14862.6,41417.7,28261,8046.98,30366.7,43612.2,43672.5,37484.3,14674,14756.8,14296.5,14130.5,0,13823.5,36619.5,36512.9,43625.1,13961.6,14761.3,9538.44,18821.7,9747.87,37168,13994.3,17862.8,11456.8
31173.1,28653.4,26878.3,23123.4,12189.7,5061.8,31765.2,12318.5,41508.2,44403.5,24806.2,31628,23284.7,5394.07,668.767,35915,21692.1,18520.7,11859,1462.9,21819.9,5648.56,42811.8,25296.5,23348.8,1335.35,6443.71,55692.7,4168.36,12814.1,12146.1,211.871,14750.8,7042.8,8114.59,21494.3,163.946,6799.21,21667.6,13818.6,9312.41,384.697,1258.18,38232.4,19229.6,22487.8,41841.8,38576.2,1747.06,13781,10380,4720.78,948.296,32777.8,1259.59,16473.2,20940.2,1440.58,41523.7,1075.17,41646.6,40270.8,18938.2,39968.3,43355.9,32040.3,6209.88,13038.9,62893.4,41473.5,38162,36733.6,50121.9,437.161,1061.81,27645.3,41651.9,21735.1,42389.6,38150.7,38211.1,23870.9,862.183,997.424,1949.93,362.884,13823.5,0,23324.6,23253.6,38199.8,386.194,958.339,21730.5,28913,5957.05,27711.6,818.31,4549.82,8167.26
43130,10493.3,3918.9,904.949,25741.2,25200.6,12019.3,35588.9,62537.9,66129.1,9454.33,43519.7,106.114,26748.8,23452,53422.7,12261.9,19626.1,12636.8,22849.6,42837.3,20664.6,64822.4,6399.72,93.9516,22095.6,17127.9,54978.9,21195.2,23392.5,24842.7,23115.8,17723.1,16411.5,16415.6,42377.3,23164.8,22208.4,44597.9,36623.7,14122.3,23077.6,22134.4,21316.6,38116.2,879.831,62912.5,57783.3,22899.3,32003.9,14771.4,20070.2,22385.3,46592.1,22435.4,39153.7,42003.7,22840,62527.7,22256.2,62696.5,63257.9,20230.4,63090.1,66412.6,12138.9,17240.8,35857.4,62255.9,62552.2,31704.3,58845.6,66983.9,22887.5,22272.8,12240.7,62690.4,44666,61228.7,31673.4,31715.6,3120.94,22476.7,22327.4,22408,22970.5,36619.5,23324.6,0,284.785,31779.3,23077,22375.3,42637.5,51922.9,29074.5,16521.1,22921.1,20799,26519.2
42885.2,10260.5,4113.67,1162.83,25547.8,25077.5,11836.9,35506.4,62373.8,65978.4,9176.41,43274.1,375.046,26632.7,23373.3,53214.8,12488.1,19368.5,12488.3,22795.4,42684.8,20657.9,64679.1,6683.79,208.318,22018.4,17082.2,54694.9,21081,23186.4,24646.6,23045.3,17842.9,16360.4,16287.2,42223,23093.4,22060,44491.6,36517.4,14074.5,23003.2,22058.6,21107.6,37939.4,765.769,62749.1,57592.8,22848.8,32043.9,14618.3,19956.9,22316,46357,22353.8,39041.3,41852.9,22785.5,62363.2,22186.8,62532.7,63149.3,19971.1,62989.6,66307.5,11961.9,17187.7,35752.2,61972.5,62389.1,31425,58706.9,66762.7,22816.7,22203.7,12523,62526.4,44559.8,61031.8,31394.1,31436.3,3402.9,22407.7,22256.3,22316.5,22898.7,36512.9,23253.6,284.785,0,31499.9,23002.6,22306,42483.4,51885.3,29019.9,16241.8,22841.7,20776.6,26368.8
28712.1,22557.8,33939.5,32643.1,28430.8,35157.7,23596.2,45184.9,57376.3,62287,22328.5,28804.6,31874.8,36553.8,37722.1,43280.7,43087.3,19693.7,29721.6,39066.8,43010.9,40629.5,62092.6,38140,31690.2,37096.9,36468.4,23720.8,34032.8,26337.8,27840.3,38114,44486,35837.3,31451.2,42453.6,38080.6,31721.8,49589,43657.5,34966.2,37817.5,37212.4,17557.8,36689.9,31469.8,57787,49578.5,39344.2,51904.5,29631.5,33640.1,37791.9,33155.3,36969.3,44854.6,42603.6,39039.8,57302.6,37714,57557.3,64920.9,19261.6,65700.4,68108,23788.4,36126.7,43229.6,30777.7,57514.5,82.9441,57496.8,52562.7,37966.4,37743.6,44004.3,57523,49642.2,51514.3,120.416,119.864,34897.2,37862.8,37633.4,36254.2,37937.5,43625.1,38199.8,31779.3,31499.9,0,37816,37787.4,42659.2,62437.2,42983.6,15258.2,37383,39813.8,33284.7
30947.2,28318.4,26650.7,22887.4,11884.4,4858.2,31437.3,12536.3,41565.9,44498.2,24463.9,31402.2,23038.4,5305.14,516.882,35834.9,21635.8,18135.8,11531.1,1684.97,21846.2,5762.91,42921.6,25130.7,23100.1,1008.27,6279.99,55346.9,3783.78,12464,11822.9,333.567,14817.5,6851.84,7762.9,21512.5,273.417,6443.86,21833.8,13957.8,9105.67,1.5769,949.905,37870.2,19147.5,22236.9,41901.8,38556.5,1986.96,14156.9,10026.5,4338.39,809.466,32594.8,876.233,16604.6,20966.6,1659.64,41580.2,917.391,41705.3,40453.4,18554.4,40166.9,43547.1,31713.4,6024.24,13177.7,62552.5,41533.5,37778.1,36845.5,50042.7,358.088,914.206,27553.4,41710.2,21901.4,42361.9,37766.8,37827.2,23664.2,748.331,795.504,1571.11,239.779,13961.6,386.194,23077,23002.6,37816,0,818.537,21750.7,29221.9,6285.1,27335.8,442.666,4640.78,7947.98
31536,27809.9,25922.3,22169.8,12305.6,5518.94,30905.4,13276.7,42384.5,45313.1,23982.1,31990.9,22334.9,6079.36,1326.67,36601.7,20817.5,18094,11006.7,1313.46,22662.2,5055.59,43732.8,24344.9,22400.1,698.244,5491.21,55598.4,3821.73,12718.1,12187.1,746.651,14049.7,6084.82,7336.35,22327,806.961,6698.31,22618.2,14757,8354.2,818.285,580.363,37474.6,19915.1,21540.3,42720.3,39358.5,1616.45,14123.7,9602.22,4166.98,10.0483,33251.8,1004.8,17407.5,21782.6,1285.37,42398.7,119.602,42523.9,41226.2,18534.9,40926.2,44313,31178.2,5252.36,13977,62824.9,42352,37747.9,37656.1,50809.5,526.184,103.475,26737.3,42528.7,22685.7,43160.2,37735.8,37796,22912.6,104.206,159.69,1815.04,630.827,14761.3,958.339,22375.3,22306,37787.4,818.537,0,22565.6,29813.1,6839.45,27033.4,991.574,3914.15,8569.41
19612.9,44221.2,46515,42714.1,17864.9,17896.3,47506.1,12864.4,20013.1,23505.7,40307.6,19941.9,42630.2,16676.8,21239,15896.7,43355.2,28000.6,30003.3,22989.1,360.577,27162.3,22314.4,46061,42632.1,22426,27735.6,50939.7,21947.2,20660,18823,21918,36298.4,28120.6,26353,261.521,21834.9,20439.8,8482.15,9570.62,30104.5,21751.1,22455.7,50747.5,5999.98,41757.7,20371.9,17090.1,23165.3,27843.8,27866.1,23040.5,22557,18073.3,21947.3,7622.28,857.573,22978.1,20014.5,22654.8,20163.6,22670.7,27867.6,23219.1,25931,47825.2,27376.8,10128.3,57033.6,20006.7,42664.1,16520.8,29594.9,22083.9,22656.1,49123.8,20162.4,8504.65,20976.2,42672.8,42729.6,44023.5,22499.1,22513.6,21560.8,21963.9,9538.44,21730.5,42637.5,42483.4,42659.2,21750.7,22565.6,0,22517.1,18922.7,39587.6,21641.6,26172.1,16125
42129.3,57443.8,55219.1,51606.5,34279.4,29053.3,60610.3,17759.6,29126,28465,53526.9,42459,51871.3,27371.9,28949.6,35398.5,46997.9,44463.2,40730.1,29152.6,22184,31447.4,26109.5,52712.4,51958,30230,34809.7,73322.3,32127,36759.6,35014.8,29108.9,38116.1,35545.8,36857.7,22594.2,29077,32887.5,14057.1,18790.2,37819,29221,30165.1,66430.2,27359.4,51124.8,29198,32857.6,29072.8,22781.2,39072.6,33107,29803.6,40366.5,29996.1,17721.7,22090.1,29165,29226.2,29931.9,29144.2,18591.6,44614.2,17118.4,20379.7,60892.5,34728.9,19259.1,79527.4,28929,62424.8,21771.5,46045,29337.4,29910.7,53361.6,29188.2,14029.2,36151.3,62425.7,62485.9,51979.6,29709,29891.7,30272.4,29275.9,18821.7,28913,51922.9,51885.3,62437.2,29221.9,29813.1,22517.1,0,22977.1,55402.6,29478,31166.8,29851.8
32068.1,34602.9,32517.8,28817.5,15287.6,7875.99,37721.3,7262.58,37855.1,40270.8,30741.7,32514.6,29028.8,6727.58,6072.42,34281,26037.3,23526.5,17814.9,6224.92,18919.8,9358.27,38508.5,30541.2,29104.1,7287.53,11963.7,58968.2,9596.73,16790.2,15589.6,6146.91,17984.9,12664.6,14029.5,18723.5,6120.59,11310.2,16923.7,9728.17,14957.1,6284.07,7214.89,44065.1,18083.2,28255.5,38157.8,36007.7,6185.13,10571.3,16285.3,10426.2,6829.98,32880.7,7102.17,12329.8,18072.8,6234.53,37885.6,6957.84,37978.6,35191.8,23859.5,34737.3,38184,37996.8,11833.9,9017.08,66007.8,37791.3,42952.3,32445.4,48332,6373.61,6936.12,32257.4,37990.8,16988.1,39897.6,42944.3,43005.3,29398.2,6735.25,6922.87,7504.4,6318.95,9747.87,5957.05,29074.5,29019.9,42983.6,6285.1,6839.45,18922.7,22977.1,0,33384.7,6582.59,8723.14,10349.8
32708.9,8080.08,18817.4,17386,22055.8,26374.8,10328.2,37653,57772.1,62169.2,7072.49,32997.7,16616.7,28041.2,27421.5,45742.8,28023.3,11601,16850.1,28146.5,39887.8,28483.3,61402.6,22886.9,16432,26418.7,24089.7,38623.4,23788.9,19272.6,21150.7,27565.8,30457.8,23346.3,19790.8,39337.7,27561.4,22539.5,44515.7,37189.8,21895.3,27337.2,26518.5,11236.4,33846.4,16221.9,58178.9,51276.7,28365.9,40503.3,17585.7,23017.4,27040.6,36904.7,26463.2,39118.2,39229.5,28123.2,57728.8,26932.7,57948,62135.6,11721.6,62478.7,65403.9,10620.2,23859.7,36566.1,45840,57851,15183.2,55943,57783.6,27367.6,26960.8,28749.2,57927.1,44579.4,54110.4,15152.3,15194.6,19639.2,27128.4,26902.3,25932.3,27380.2,37168,27711.6,16521.1,16241.8,15258.2,27335.8,27033.4,39587.6,55402.6,33384.7,0,26960.6,27926,25724.3
30590.9,28026.3,26521.5,22747.6,11469.4,4537.55,31157,12670.6,41495.3,44470.2,24159.4,31045.9,22884.2,5100.76,534.663,35615.5,21720.7,17705.7,11256.2,2077.01,21744,6042.09,42911.6,25083,22942.5,843.873,6255.8,54908.7,3353.63,12024.7,11396.6,769.827,15037.3,6789.79,7447.13,21401.3,715.888,6003.28,21896.8,13991.8,9016.41,444.243,838.107,37526.1,18929.7,22076.2,41833.6,38400.2,2384.6,14597.8,9705.11,3948.12,985.344,32275.9,520.16,16627.3,20864.6,2050.49,41508.2,1051.84,41635.9,40533.4,18121.5,40267.6,43637.9,31434.9,5972.66,13212,62116.3,41465.4,37345.3,36838.8,49823.1,716.126,1061.21,27595.2,41640.1,21964.6,42196.7,37334.1,37394.5,23563.8,962.75,897.28,1131.63,629.361,13994.3,818.31,22921.1,22841.7,37383,442.666,991.574,21641.6,29478,6582.59,26960.6,0,4903.88,7605.02
35354.7,27560.3,24053.9,20450.9,15884.8,9428.75,30477.8,15871.7,45819.7,48558.3,23945.3,35809.2,20742.9,9937.73,5148.31,40464.2,17491.2,20251.5,11145.2,3189.02,26246.4,1156.8,46893.3,21840.6,20838.5,4371.27,3995.74,58581,6978.56,15913,15650.5,4393.77,10205.3,4783.99,8395.39,25940.7,4481.35,10061.8,25477,17852.4,6865.41,4639.9,4283.86,37793.3,23778.1,20023,46145,43085.8,3007.8,12582.1,10425.8,6756.48,3919.87,37146,4835.6,20522.6,25368.1,3201.86,45839.4,3868.21,45954.1,43889,20767.8,43456.9,46898.2,30726.4,4122.06,17083.4,65864.7,45776.7,39768.1,40812.7,54671.3,4282.99,3853.94,23617.3,45961.3,25543.1,46909.7,39753,39812,20841,3942.51,4026.58,5563.72,4403.42,17862.8,4549.82,20799,20776.6,39813.8,4640.78,3914.15,26172.1,31166.8,8723.14,27926,4903.88,0,12452.3
23006,28950.5,30391.2,26589.1,4996.36,3113.77,32237.6,12138,36087.9,39609.9,24967.2,23461,26510.5,3635.51,7500.16,28607.5,28098.9,14612.3,13882.5,9621.94,16319.7,13605.7,38325.9,30058.2,26515.2,8082.83,12531.7,48627.5,6298.17,7004.27,5455.79,8255.36,22358.5,12718.4,10259.6,15865.4,8172.27,4314.81,19059.5,11477.2,14411.9,7949.22,8168.54,36898.1,12127.9,25639.4,36455.6,31991.3,9913.33,20658.3,11751.5,7265.35,8565.02,24694.4,7617.36,13552.4,15484.5,9597.98,36083.1,8600.46,36242.9,37374.9,14778.5,37458.6,40608.4,32546.7,12103.1,10842.5,55691.5,36092.6,33261,32386.8,42767.5,8293.94,8617.62,33495.7,36239.1,19125.7,35668.4,33256.5,33317.6,27920.8,8558.56,8442.99,6905.32,8184.51,11456.8,8167.26,26519.2,26368.8,33284.7,7947.98,8569.41,16125,29851.8,10349.8,25724.3,7605.02,12452.3,0